Symbol ,Series ,LTP ,%chng ,Mkt Cap (₹ Crores),Volume (Lakhs),Value (₹ Crores)
BHARTIARTL,EQ,1992.1,2.73,1243078.51,122.83,2441.37
LGEINDIA,EQ,1736.1,10,117841.67,98.32,1664.76
HDFCBANK,EQ,727,0.28,1120262.78,203.64,1480.39
MANORAMA,EQ,1742,7.92,10995.92,72.98,1297.58
WELSPUNLIV,EQ,164.1,2.67,15503.39,735.43,1261.56
BDL,EQ,1398,1.64,51245.44,84.58,1170.47
ZEEL,EQ,102,5.43,9797.3,1112.49,1138.08
ADANIENSOL,EQ,1616,2.08,197629.44,70.48,1129.05
APOLLOHOSP,EQ,8920.5,3.85,128263.1,12.76,1127.45
HONASA,EQ,502,4.7,16366.42,224.25,1114.8
IDEA,EQ,14.11,4.44,152872.02,7789.09,1088.91
ETERNAL,EQ,318.5,0.16,307363.67,301.47,967.22
TECHNOCRAF,EQ,310.61,9.37,1230.21,286.79,879.71
ICICIBANK,EQ,1417,0.73,1016843.09,60.98,859.72
HAL,EQ,5029.9,1.92,336387.14,15.37,767.03
MOTISONS,EQ,16.72,14.36,1901.91,4104.41,668.2
MARKSANS,EQ,335.85,10.7,15219.5,202.43,658.62
JUBLFOOD,EQ,504.1,2.55,33262.8,128.94,657.37
LICI,EQ,413.5,0.33,523077.31,149.94,619.13
MFSL,EQ,1538.1,1.7,53082.1,39.68,612.9
AMBER,EQ,7222,0.66,25470.38,7.5,541.94
ADANIENT,EQ,3035.1,2.37,410779.42,16.67,502.24
LENSKART,EQ,612,2.53,106409.7,82.04,500.69
RATNAVEER,EQ,229,4.09,1635.67,215.38,484.13
BHEL,EQ,421.7,0.4,146838.61,113.63,482.52
SAIL,EQ,169.51,0.49,70016.53,280.4,464.67
SILVERBEES,EQ,221.5,0.24,31644.56,203.54,447.05
PAGEIND,EQ,36750,0.63,40990.49,1.19,444.51
BALUFORGE,EQ,496,11.15,6021.04,89.81,443.03
POWERINDIA,EQ,35700,0.96,159123.34,1.14,406.65
SUDARSCHEM,EQ,1120,6.38,8916.05,38.06,405.87
APEX,EQ,425,15.58,1328.13,93.16,401.92
PARAS,EQ,1372,2.22,11056.58,28.27,390.79
ELGIEQUIP,EQ,609,5.63,19299.76,60.1,365.39
MINDACORP,EQ,720,1.23,17213.72,47.47,354.38
PERSISTENT,EQ,5580,1.03,88024.5,6.34,351.75
TARSONS,EQ,371.1,18.68,1974.49,98.31,345.96
GVT&D,EQ,4350,1.05,111380.24,7.86,340.13
ADANIPORTS,EQ,1700,2.53,391673.05,19.78,333.4
MOREPENLAB,EQ,84.12,3.99,4609.39,401.58,331.46
UNIONBANK,EQ,187.38,0.47,143038.5,171.39,321.48
TVSSRICHAK,EQ,4464,11.74,3418.11,7.11,320.11
VOLTAS,EQ,1320.5,2.4,43693.33,23.74,313.85
BEL,EQ,410.8,0.07,300285.71,73.88,303.15
OFSS,EQ,11828,3.57,102992.91,2.59,301.35
DIXON,EQ,14130,0.68,86393.83,2.06,291.11
MUNJALAU,EQ,120.7,1.11,1207,240.17,290.78
MAZDOCK,EQ,2580,0.35,104072.04,11.01,284.64
BAJAJ-AUTO,EQ,11700,0.33,321520.49,2.41,283.03
INDIGOPNTS,EQ,1142.8,1.1,5454.89,24.06,282.27
HAPPSTMNDS,EQ,420,6.38,6395.54,66.97,279.35
SANSERA,EQ,3926,3.7,24499.64,6.88,272.6
HSCL,EQ,781.05,0.37,39408.71,34.03,267.18
HEG,EQ,699.2,1.78,13492.99,37.39,263.27
BPCL,EQ,319.45,1.41,138591.24,80.36,255.17
GLAND,EQ,2969.9,0.08,48993.45,7.9,235.81
FLUOROCHEM,EQ,4740,0.54,52068.9,4.76,229.99
INDUSTOWER,EQ,384.35,0.3,101397.79,59.57,229.61
TASTYBITE,EQ,9939,9.33,2550.35,2.27,229.11
CUMMINSIND,EQ,5400,1.6,149688,4.15,223.87
TI,EQ,570.85,3.1,14127.05,39.14,222.11
TIIL,EQ,3052,5.69,6919.74,6.98,220.1
APOLLO,EQ,390,0.08,14492.38,54.46,214.32
PRAJIND,EQ,335,4.18,6157.74,62.85,213.56
SHANTIGOLD,EQ,248.5,7.16,1791.59,87.48,213.43
LIQUIDCASE,EQ,115.48,0.04,10355.31,173.79,200.71
NEULANDLAB,EQ,23330,0.53,29932.13,0.84,195.85
BANKBARODA,EQ,248.22,0.09,128363.55,78.12,194.6
ENGINERSIN,EQ,243.3,1.13,13674.49,73.23,180.56
MOTHERSON,EQ,168.3,0.54,177624.05,105.09,176.75
AZAD,EQ,2722.8,2.17,17584.32,6.22,168.6
DREDGECORP,EQ,1176,10.48,3292.8,14.36,166.49
KRBL,EQ,385.8,3.6,8830.57,41.41,162.33
BATAINDIA,EQ,756,3.9,9716.68,21.2,160.24
FINCABLES,EQ,1251.95,0.21,19147.24,12.71,159.83
GALAXYSURF,EQ,2508.4,20,8893.47,6.33,158.18
BOSCHLTD,EQ,47100,0.75,138926.63,0.34,157.68
DEVYANI,EQ,144,3.96,17754.33,107.36,154.11
ADANIGREEN,EQ,1348,2.2,221259.89,10.93,145.95
LODHA,EQ,1243.9,0.94,124281.67,11.45,142.33
FORTIS,EQ,929,2.52,70135.61,15.36,140.41
INDOMIM,EQ,848,2,41931.98,16.79,140.12
URBANCO,EQ,144.2,2.02,22238.24,96.59,138.56
CGPOWER,EQ,890.15,0.41,140238.69,15.39,136.65
WIPRO,EQ,184,0.49,182240.88,73.66,135.82
BELRISE,EQ,257,1.01,24855.8,52.11,134.2
PNB,EQ,118,0.35,135616.73,112.49,132.88
PETRONET,EQ,282.6,1.18,42390,46.83,131.55
MANAPPURAM,EQ,349,0.17,32782.83,37.23,129.94
TFCILTD,EQ,116.85,1.87,5409.89,105.67,124.79
APLAPOLLO,EQ,2083.3,0.92,57844.58,5.94,123.51
RBA,EQ,99.07,0.73,7051,123.03,123.06
UJJIVANSFB,EQ,72.46,1.78,14119.12,166.54,120.32
CHOLAHLDNG,EQ,1598,0.84,30006.84,7.31,117.48
GPPL,EQ,158.06,4.16,7641.25,73.5,115.99
SJS,EQ,2542.1,5.7,8141.5,4.6,115.98
MANKIND,EQ,2425.2,0.87,100159.78,4.65,113.36
TDPOWERSYS,EQ,1490,0.57,23278.04,7.59,112.51
WABAG,EQ,1912,1.4,11934.22,5.71,110.96
IFCI,EQ,76.69,0.04,20662.7,141.24,108.61
HAVELLS,EQ,1298,2.2,81457.5,8.35,107.8
ACUTAAS,EQ,3228.9,3.8,26435.37,3.31,106.31
TARIL,EQ,298.2,2.12,8950.95,34.61,103.85
DLF,EQ,665,0.15,164608.45,15.28,101.69
UNIMECH,EQ,1524,6.8,7750.59,6.69,101.21
MANIPALHOS,EQ,705.45,1.46,92793.28,14.01,98.26
LIQUIDPLUS,EQ,1099.09,0.04,1220.93,8.87,97.51
MPHASIS,EQ,2545,0.16,48578.13,3.71,93.97
CESC,EQ,167.7,1.74,22229.82,55.57,93.35
WOCKPHARMA,EQ,1932.5,1.02,31400.34,4.8,93.09
UNITDSPR,EQ,1536,1.39,111721.09,6.04,92.76
GOLDIAM,EQ,366.5,1.02,5517.92,25.41,92.47
ANANTRAJ,EQ,630,0.47,22672.25,14.73,92.28
SKYGOLD,EQ,780,0.78,12080.16,11.8,91.75
MARICO,EQ,865.2,0.09,112336.52,10.51,90.73
PCJEWELLER,EQ,9.66,0.94,9380.38,947.97,90.72
BLS,EQ,277.9,2.67,11442.28,32.15,88.58
THERMAX,EQ,4052,1.26,48282.13,2.22,88.55
NIFTYBEES,EQ,278.62,0.17,67173.65,31.7,88.12
ICICIGI,EQ,1630,0.12,81420.68,5.35,87
FEDERALBNK,EQ,351.3,0.01,86794.8,24.21,85.39
SUPREMEIND,EQ,3558.9,1.77,45207.59,2.4,84.84
LIQUID1,EQ,1118.39,0.04,2745.24,7.58,84.74
SHILPAMED,EQ,822.5,1.91,16086.6,10.37,84.7
SARDAEN,EQ,533.85,2.41,18811.87,15.72,82.47
DEEPAKFERT,EQ,1490,2.3,18809.44,5.48,81.65
AVANTIFEED,EQ,861.5,0.53,11737.56,9.42,81.22
MOL,EQ,63.11,8.85,1604.98,127.11,78.48
THYROCARE,EQ,624.9,3.12,9946.24,12.62,78.29
LLOYDSENGG,EQ,93.5,2.86,13808.98,83.13,77.69
MANINDS,EQ,599,3.97,4493.07,12.77,77.36
E2E,BE,666.75,5,13706.04,11.72,77.28
DIVGIITTS,EQ,1298,6.42,3969.66,5.98,76.75
AGIIL,EQ,300.5,0.87,3756.17,25.34,76.52
ZENTEC,EQ,1855,1.27,16748.86,4.11,76.33
KFINTECH,EQ,940,1.18,16247.55,8.13,75.71
STYLEBAAZA,EQ,365.25,4.99,2780.19,20.4,73.85
ANURAS,EQ,1215,0.6,13832.57,5.97,72.66
ARVIND,EQ,567.2,2.08,15430.14,12.83,72.49
LLOYDSME,EQ,1919,1.09,108021.84,3.71,71.07
GENUSPOWER,EQ,308.7,0.7,9391.97,22.41,69.84
RGL,EQ,123.5,11.12,1326.35,56.85,69
DIACABS,BE,368.9,0.38,22062.84,18.92,68.75
TATSILV,EQ,22.49,0.36,5444.72,307.83,68.65
SHYAMMETL,EQ,1002,2.38,27969.01,6.92,68.3
JSWENERGY,EQ,560,0.25,102675.03,12.14,67.8
JNKINDIA,EQ,458.55,10.99,2565.77,14.82,66.44
AEGISLOG,EQ,1263,1.28,44331.3,5.15,65.48
SHADOWFAX,EQ,251.82,1.44,14739.52,25.97,65.23
SILVERIETF,EQ,231.13,0.11,14761.57,28.4,65.11
MRF,EQ,133235,1.72,56506.87,0.05,64.33
KIRLOSENG,EQ,2100,1.95,30559.17,3.05,63.87
MARINE,EQ,371.9,0.19,5204.53,16.86,63.85
TRIVENI,EQ,269.35,7.81,5848.13,24.21,63.76
IDEAFORGE,EQ,820.85,4.99,4079.16,7.86,63.23
ASTRAMICRO,EQ,1741,2.36,16529.93,3.62,62.78
ASAHIINDIA,EQ,937.95,4.1,23910.9,6.44,60.33
THANGAMAYL,EQ,5431.5,3.06,16882.2,1.12,59.9
KRN,EQ,1468.3,5,9611.27,4.08,59.85
TEGA,EQ,1695,1.53,12734.14,3.5,59.63
RATEGAIN,EQ,941.8,6.41,11153.32,6.39,59.39
AWL,EQ,192.5,0.2,25018.81,30.34,58.2
BHARTIHEXA,EQ,1622,3.61,81100,3.5,56.53
NAZARA,EQ,356,0.23,13188.55,15.53,55.69
LUMAXTECH,EQ,2018,1.53,13754.22,2.62,53.12
TENNIND,EQ,541.4,1.5,21851.14,9.87,53
AEROFLEX,EQ,459.75,2.57,6083.91,11.35,52.05
KISSHT,EQ,307.5,2.19,5180.85,17.07,51.92
OPTIMYSTIX,ST,189,5,439.78,28.79,51.89
GNFC,EQ,569,3.38,8360.92,9.08,51.24
LASERPOWER,EQ,302.5,1.51,4246.14,16.89,50.99
MSTCLTD,EQ,625.5,7.71,4403.52,8.32,50.74
RHETAN,EQ,21.06,0.24,1678.22,238.92,50.46
ATALREAL,EQ,36.2,0.61,448.5,138.8,50.3
SEDEMAC,EQ,3181,3.96,14050.64,1.6,50.16
CARTRADE,EQ,2793,1.31,13549.41,1.78,49.57
ZEEMEDIA,EQ,9.42,9.79,617.41,514.65,48.43
SBC,EQ,38.94,1.01,1854.28,124.39,48.1
CREDITACC,EQ,1550,0.49,24863.76,3.06,47.69
UTLSOLAR,EQ,424.85,3.65,13038.72,11.18,47.48
JUNIORBEES,EQ,808,0.04,8845.76,5.87,47.41
GODREJAGRO,EQ,580,3.17,11156.88,8.15,47.07
EMBASSY,RR,453.25,0.94,42963.28,10.2,45.96
GOODLUCK,EQ,1324.4,4.3,4402.11,3.48,45.36
HAPPYFORGE,EQ,2100,4.6,19819.53,2.14,44.71
AIAENG,EQ,4470,0.79,41714.21,0.97,44.29
KMEW,EQ,2726,0.6,6705.96,1.59,43.67
CROMPTON,EQ,248.3,0.06,15988.41,17.51,43.04
IOLCP,EQ,166.5,0.29,4887.23,25.96,42.93
AETHER,EQ,1629.9,3.15,21633.31,2.62,42.88
MOTILALOFS,EQ,903.7,0.69,54416,4.73,42.62
PRICOLLTD,EQ,793,3.66,9665.2,5.44,42.57
PRAKASH,EQ,125.75,2.63,2251.95,31.23,42.27
MEDANTA,EQ,1429,1.35,38421.78,2.96,41.99
FRACTAL,EQ,836,3.11,14376.28,5.09,41.38
RAMCOCEM,EQ,909.95,0.13,21501.43,4.47,41.15
DEEPAKNTR,EQ,1729,1.6,23582.36,2.35,40.51
JUBLCPL,EQ,2351,1.22,3562.35,1.71,40.38
ICICIPRULI,EQ,509.15,0.42,73868.08,7.78,39.56
CEMPRO,EQ,1298.8,5,22311.77,3.05,39.37
FCL,EQ,43.5,4.42,5065.58,91.61,39.33
IKS,EQ,1848,3.73,31706.72,2.14,39.16
NEOGEN,EQ,2220,3.79,6078.73,1.76,38.58
LIQUIDADD,EQ,1140.49,0.04,1658.02,3.36,38.35
MARSONS,EQ,104.45,1.82,1797.58,35.82,37.99
CASHIETF,EQ,1075.49,0.04,991.83,3.52,37.84
HONAUT,EQ,37200,0.03,32890.47,0.1,37.83
HDFCSILVER,EQ,221.41,0.23,7618.97,17.04,37.47
JKTYRE,EQ,384,0.13,11070.32,9.74,37.4
VOLTAMP,EQ,10076,0.36,10194.01,0.37,37.07
NLCINDIA,EQ,276,0.6,38271.17,13.47,36.97
TBOTEK,EQ,1630,1.56,17699.81,2.24,36.86
XTRANET,EQ,173,15.03,904.54,21.83,36.66
SUMEETINDS,EQ,14.78,4.97,1026.84,250.96,36.36
EIMCOELECO,EQ,2018,6.55,1164.06,1.79,35.46
RELIGARE,EQ,235,0.28,7822.93,15.13,35.41
SAPPHIRE,EQ,234.61,0.57,7539.96,15.05,35.31
RPEL,EQ,1432,3.11,6576.02,2.43,35.07
AJANTPHARM,EQ,3686.9,2,46071.14,0.95,34.96
MONARCH,EQ,389,2.54,3085.09,8.75,34.63
GMMPFAUDLR,EQ,1039,2.58,4671.06,3.34,34.55
AVALON,EQ,1935,0.24,12928.07,1.77,34.4
ANTHEM,EQ,892,1.95,50255.99,3.9,34.4
GCSL,EQ,518.55,0.5,1252.78,6.65,34.38
ECLERX,EQ,1898.1,1.54,17851.77,1.8,34.16
KIMS,EQ,808.8,0.15,33970.12,4.14,33.56
VINCOFE,EQ,148.6,1.33,2164.93,22.46,33.51
KSHINTL,EQ,1035.3,3.38,7014.75,3.28,33.42
RAINBOW,EQ,1464,0.76,14869.36,2.31,33.04
STYLAMIND,EQ,3643.7,1.33,6175.36,0.9,32.96
TATACAP,EQ,365.5,0.48,155149.96,9.02,32.8
VARROC,EQ,853.2,1.34,13035.74,3.85,32.76
ICRA,EQ,5285,1.71,5100.68,0.61,32.39
BECTORFOOD,EQ,240.45,0.08,7381.59,12.85,31.18
MANALIPETC,EQ,69.19,0.52,1190.06,43.77,31.13
ATGL,EQ,656.15,0.17,72164.04,4.69,30.78
RKFORGE,EQ,734.5,0.16,13380.39,4.05,29.7
ATLANTAELE,EQ,1676.9,1.7,12894.8,1.74,29.44
HMAAGRO,EQ,24.2,10.45,1211.86,118.4,28.95
KIRLPNU,EQ,1526.9,1.33,9919.23,1.89,28.68
ABREL,EQ,1400,0.44,15637.4,2.02,28.23
DYNAMATECH,EQ,11225,3.87,7623.39,0.25,27.77
SBCL,EQ,1040,3.11,5990.84,2.7,27.74
SOMANYCERA,EQ,524.85,1.1,2152.56,5.16,27.34
VSSL,EQ,355.45,8.65,3437.24,7.85,27.33
SUMICHEM,EQ,565.3,4.11,28216.71,4.88,27.18
MGL,EQ,1140,1.26,11260.67,2.35,26.89
JSFB,EQ,575,0.67,6078.58,4.54,26.14
SILVERCASE,EQ,23.5,0.26,1204.79,110.11,25.65
GLAXO,EQ,2681.1,0.5,45419.45,0.95,25.43
WHEELS,EQ,1437,6.16,3511.02,1.79,25.39
INOXINDIA,EQ,1943.4,0.08,17638.98,1.3,25.17
KABRAEXTRU,EQ,513,5.93,1794.11,4.86,24.88
OBSCP,SM,855,4.39,2209.8,2.84,24.86
DATAMATICS,EQ,866,0.5,5118.61,2.8,24.73
GICRE,EQ,352.3,1.18,61807.51,7.06,24.71
YATHARTH,EQ,849.8,0.62,8188.19,2.86,23.94
FOSECOIND,EQ,5697.5,2.89,4294.35,0.42,23.82
ANAWIL,ST,420.45,4.99,1051.12,5.7,23.69
MINDSPACE,RR,496,0.26,32834.88,4.71,23.32
LLOYDSENT,EQ,76.43,0.51,11648.75,30.3,23.29
CUBEINVIT,IV,159.22,0.02,21400.28,14.51,23.1
KUSUMGAR,EQ,600,0.29,6299.48,3.82,23
LIQUIDBETF,EQ,1094.78,0.04,597.61,2.09,22.93
BALRAMCHIN,EQ,625,0.86,13216.69,3.63,22.65
GAEL,EQ,172.51,1.37,7912.53,13.08,22.56
LMW,EQ,19100,1.88,20404.53,0.12,22.41
SANDHAR,EQ,640.45,4.11,3854.91,3.48,22.21
INDIGRID,IV,178.75,0.46,17027.09,12.4,22.18
SEAMECLTD,EQ,1554,1.42,3951.05,1.41,21.62
TBZ,EQ,252,1.84,1681.61,8.58,21.54
CAPILLARY,EQ,539,1.5,4289.83,3.98,21.43
SOTL,EQ,705,3.39,4833.51,3.02,21.21
KNACK,EQ,208.25,1.8,2548.25,10.08,20.99
RICOAUTO,EQ,132.7,0.65,1795.23,15.61,20.8
SBILIQETF,EQ,1051.99,0.04,57.06,1.97,20.76
725GS2063,GS,98.6,0.4,236640,20.83,20.51
AVTNPL,EQ,81.14,13.78,1235.63,25.46,20.42
CELLO,EQ,378,2.23,8349.45,5.43,20.42
BALAMINES,EQ,2132,1.72,6907.89,0.96,20.33
BLISSGVS,BE,520.95,1.35,5534.78,3.9,20.29
SUVEN,EQ,342.6,4.95,9044.38,5.99,20.2
JSL,EQ,739.45,0.55,60961.71,2.73,20.17
MANYAVAR,EQ,530,1.34,12877.85,3.74,19.73
SONATSOFTW,EQ,326.9,0.54,9167.09,6,19.48
STARHEALTH,EQ,585,0.07,34431.75,3.27,19.23
ITBEES,EQ,34.83,0.17,3859.22,55.21,19.19
KPRMILL,EQ,1105,1.87,37770.45,1.71,18.84
INDSWFTLAB,EQ,304,2.48,2643.63,6.19,18.6
IBULLSLTD,EQ,27.05,0.15,6301.42,68.81,18.49
NEPHROPLUS,EQ,700,3.57,7039.13,2.61,18.42
FIVESTAR,EQ,546.25,0.19,16124.64,3.36,18.29
MODEFENCE,EQ,107.5,0.04,1363.64,16.81,18.07
PARADEEP,EQ,147.5,0.2,15313.02,12.21,18.03
COROMANDEL,EQ,2095,0.3,61805.94,0.86,17.97
ZFCVINDIA,EQ,2625,0.34,29873.94,0.67,17.63
KROSS,EQ,209.95,3.4,1354.38,8.26,17.29
KRISHNADEF,EQ,1080,0.61,1614.36,1.63,17.29
SILVER,EQ,231.3,0.16,3057.66,7.48,17.18
GABRIEL,EQ,1454.8,0.48,25783.42,1.18,17.18
AFFLE,EQ,1670,1.64,23526.86,1.03,17.15
SAMBHV,EQ,120.9,3.24,3562.58,14.23,17.15
ROSSTECH,EQ,1074,1.59,4048.6,1.57,17.05
ESABINDIA,EQ,6224,0.02,9580.62,0.27,16.83
ACE,EQ,1090.5,1.13,12986.02,1.53,16.63
AJAXENGG,EQ,570,0.8,6521.19,2.92,16.59
SBISILVER,EQ,227.06,0.33,6022.34,7.15,16.11
SIGNATURE,EQ,805,0.49,11325.23,1.98,16.04
VMARCIND,SM,364.9,5.22,5346.67,4.38,15.99
ZAGGLE,EQ,201.5,0.23,2709.34,7.79,15.64
KRSNAA,EQ,573,2.92,1858.74,2.73,15.64
GNA,EQ,544,0.99,2335.44,2.83,15.41
KRISHANA,EQ,190.4,0.77,5885.99,8.07,15.38
DALBHARAT,EQ,1842,0.4,34549.65,0.83,15.32
WEL,EQ,144,2.86,1929.72,10.44,15.2
HDBFS,EQ,687.45,0.37,57102.62,2.2,15.08
QUESS,EQ,337.4,1.26,5039.4,4.45,14.88
GSPCROP,EQ,594,0.39,2763.21,2.49,14.84
RAYMONDLSL,EQ,749,1.41,4563.18,1.96,14.6
LTFOODS,EQ,421.3,0.56,14629.77,3.45,14.57
COSMOFIRST,EQ,940,2.92,2467.47,1.53,14.4
LXCHEM,EQ,175.6,0.86,4867.84,7.96,14.05
KPL,EQ,3400.1,1.71,3528.01,0.41,14
FINEORG,EQ,5160.3,0.01,15821.47,0.27,13.96
POLYPLEX,EQ,1180,1.1,3704.31,1.17,13.9
GOKEX,EQ,785,0.26,5751.98,1.78,13.9
WINDLAS,EQ,950,0.05,1960.44,1.43,13.62
IGL,EQ,151.8,0.02,21252.02,8.81,13.4
CITIUSINVT,IV,111.1,0.15,6777.1,11.74,13.03
EASEMYTRIP,EQ,6.43,3.88,2562.13,205.84,13.01
RAYMONDREL,EQ,581.85,1.93,3873.59,2.23,12.81
DCXINDIA,EQ,175.4,2.69,1953.72,7.33,12.78
KSCL,EQ,777,0.61,3996.82,1.65,12.77
PGIL,EQ,2472,0.29,11417.18,0.51,12.54
SILVERTUC,EQ,208.75,1.18,2647.16,5.94,12.53
VIDYAWIRES,EQ,89.41,1.41,1901.68,13.83,12.3
SETL,EQ,299.6,0.66,5976.77,4.09,12.19
APOLLOTYRE,EQ,444,0.21,28198.48,2.74,12.18
DEEPINDS,EQ,671,0.77,4294.4,1.81,12.11
PGHL,EQ,5932,0.14,9846.75,0.2,12.09
BAJAJELEC,EQ,362.9,1.77,4187.6,3.29,11.95
JUBLINGREA,EQ,737,0.1,11739.02,1.61,11.85
WSTCSTPAPR,EQ,611,0.81,4035.59,1.92,11.71
BLUEDART,EQ,5150,0.96,12219.89,0.23,11.71
ITDC,EQ,700,0.02,6003.86,1.67,11.68
EMAMILTD,EQ,403,0.15,17590.95,2.89,11.66
GRINDWELL,EQ,2162,0.73,23937.66,0.53,11.6
REFEX,EQ,296.65,1.11,4070.61,3.9,11.59
SSWL,EQ,313.1,0.82,4923.97,3.7,11.57
ADOR,EQ,1546.1,3.05,2690.65,0.74,11.48
ALIVUS,EQ,1394.9,1.48,17125.39,0.83,11.47
COMSYN,EQ,287.9,1.85,1161.37,3.99,11.38
BAJAJHFL,EQ,84.4,0.04,70324.9,13.49,11.37
JINDALSAW,EQ,267.25,1.08,17090.86,4.23,11.28
LINDEINDIA,EQ,6700,0.17,57140.43,0.17,11.13
VENUSREM,BE,1780,2.93,2379.32,0.62,11.06
GARUDA,EQ,184,0.21,1711.97,6.01,11.03
MANINFRA,EQ,106.2,1.36,4286.94,10.31,11.03
EXICOM,EQ,151.4,0.07,2105.67,7.18,10.87
ADVAIT,EQ,2107,1.17,2305.69,0.51,10.86
CENTRALBK,EQ,31.4,0.13,28421.4,34.53,10.84
IRB,EQ,19.27,0.31,23274.31,56.42,10.82
CEINSYS,EQ,818.95,3.01,1714.69,1.33,10.78
NITINSPIN,EQ,554,4.15,3114.59,1.96,10.76
FMCGIETF,EQ,52.44,0.02,755.11,20.5,10.74
SHARDAMOTR,EQ,898,1.82,5155.21,1.19,10.73
THELEELA,EQ,510.1,0.32,17035.19,2.09,10.64
GANGAFORGE,EQ,2.63,4.78,88.63,405.85,10.63
SETFNIF50,EQ,262.99,0.06,216582.88,4.02,10.56
ESCORTS,EQ,3111,0.57,34805.17,0.34,10.48
IXIGO,EQ,174.17,1.65,7681.67,6.03,10.47
ADVENZYMES,EQ,303,0.71,3392.88,3.44,10.46
ELIN,EQ,102,2.42,507.03,10.13,10.45
BHARATSE,EQ,245.7,0.18,1543,4.21,10.44
GSFC,EQ,160.01,0.89,6376.04,6.41,10.25
WALCHANNAG,EQ,226.5,0.42,1536.62,4.5,10.15
PACEDIGITK,EQ,181,0.04,3906.91,5.58,10.14
SFL,EQ,697,0.15,7611.47,1.42,9.92
CANTABIL,EQ,236.42,2.99,1977.37,4.15,9.91
UTTAMSUGAR,EQ,267,0.76,1018.29,3.64,9.87
ARROWGREEN,BE,820,4.79,1237.21,1.21,9.87
PGINVIT,IV,100.25,0.42,9122.74,9.75,9.75
PRINCEPIPE,EQ,283.7,0.75,3136.62,3.36,9.56
SGFIN,EQ,659.5,0.27,3686.28,1.41,9.33
SURYAROSNI,EQ,223.5,0.29,4864.16,4.13,9.21
METALIETF,EQ,13.11,0.08,994.34,70.38,9.16
BEPL,EQ,123.71,1.15,3078.63,7.42,9.15
SEIL,EQ,211.49,3.22,3404.99,4.33,9.1
INDIAGLYCO,EQ,1067,1.01,7151.76,0.85,8.98
ARIES,EQ,415,7.49,539.68,2.2,8.96
AIMTRON,SM,1738,5.48,3622.23,0.53,8.96
SATIN,EQ,223.95,1.28,2474,3.97,8.92
CORONA,EQ,2128,0.7,13014.87,0.41,8.87
WANBURY,EQ,257,2.35,897.94,3.42,8.86
SHAREINDIA,EQ,173.5,0.11,3773.49,5.1,8.85
SJVN,EQ,67.28,0.22,26439.66,13.14,8.83
VENKEYS,EQ,1532,0.59,2158.18,0.57,8.82
SILVERBETA,EQ,223.46,0.13,1469.09,3.98,8.81
POWERMECH,EQ,2470,0.41,7809.22,0.35,8.73
SURAKSHA,EQ,308,1.17,1604.09,2.87,8.7
GREENPANEL,EQ,174.8,1.76,2143.53,5.02,8.69
HOMEFIRST,EQ,1180,0.4,12334.98,0.72,8.47
754GS2036,GS,107.2,0.37,159728,7.92,8.47
HIRECT,EQ,1257,0.3,4320.59,0.67,8.36
GRMOVER,EQ,90.09,0.04,1866.75,9.23,8.3
DCMSHRIRAM,EQ,1021.1,1.1,15923.27,0.81,8.28
ALGOQUANT,EQ,66.49,0.93,1869.01,12.51,8.26
INDOTECH,EQ,3536.1,2.64,3755.34,0.23,8.19
TIMKEN,EQ,3287.1,0.82,24725.15,0.25,8.18
MMTC,EQ,64.3,0.64,9645,12.63,8.15
ASHOKA,EQ,112.55,0.11,3159.54,7.21,8.12
HATSUN,EQ,980,1.67,21829.33,0.82,8.04
CAPACITE,EQ,214.68,2.45,1816.28,3.75,7.99
BCG,EQ,9.92,2.59,2001.78,80.73,7.95
TMB,EQ,851.4,0.66,13482.04,0.93,7.92
JAYKAY,EQ,157,5.3,2045.51,5.08,7.87
DIFFNKG,EQ,393.8,0.68,1473.85,1.94,7.71
LIQGRWBEES,EQ,1051.81,0.04,154.48,0.73,7.68
AVADHSUGAR,EQ,658,3.26,1317.21,1.18,7.64
GILLETTE,EQ,7600,0.06,24764.76,0.1,7.55
NIFTYIETF,EQ,277.24,0.17,44587.61,2.71,7.51
CANFINHOME,EQ,823.15,0.16,10960.62,0.91,7.43
ORKLAINDIA,EQ,545.05,0.32,7466.6,1.33,7.28
SCPL,EQ,650.2,3.5,682.71,1.13,7.24
SILVER1,EQ,22.46,0.27,3685.05,32.08,7.16
ELANTAS,EQ,11830,2.7,9378.45,0.06,7.05
THOMASCOTT,EQ,349,6.96,512,2.05,7.04
AEROENTER,EQ,127.98,2.24,1448.28,5.56,7.01
JAIBALAJI,EQ,69.7,1.21,6358.43,9.94,6.98
ARVINDFASN,EQ,451,0.24,6027.26,1.55,6.93
SUPRAJIT,EQ,527,0.54,7229.35,1.31,6.91
AARTISURF,EQ,651.3,0.84,551.71,1.04,6.84
RATNAMANI,EQ,2358.6,2.64,16531.9,0.29,6.83
ORCHPHARMA,EQ,1044,0.98,5295.07,0.64,6.76
JSWHL,EQ,11974,2.6,13290.69,0.06,6.74
UGARSUGAR,EQ,48,3.25,540,13.38,6.69
NEXT50IETF,EQ,78.88,0.01,2729.37,8.37,6.59
JUSTDIAL,EQ,678,0.02,5766.32,0.96,6.58
RAMRAT,EQ,476,0.99,4443.42,1.38,6.55
CRISIL,EQ,4480,0.3,32762.25,0.15,6.51
UDS,EQ,211,0.43,1412.71,3.08,6.49
CNL,EQ,1250,1.96,1877.08,0.51,6.31
TEMBO,EQ,61,1.92,1131.26,10.28,6.3
IGIL,EQ,346.35,0.36,14967.85,1.81,6.29
VERANDA,EQ,246,1.32,2370.23,2.53,6.21
OPTIEMUS,EQ,561.95,1.76,4983.87,1.11,6.17
ANDHRSUGAR,EQ,101.62,1.18,1377.31,6.02,6.11
KIOCL,EQ,386.55,0.44,23492.62,1.56,6.1
RTNPOWER,EQ,8.47,0.12,4548.48,71.77,6.09
VALUE360,SM,80.9,2.41,130.17,7.48,6.05
INA,EQ,98.8,1.69,2178.04,6.13,6.02
JYOTHYLAB,EQ,200,0.01,7344.29,3.02,6
SILVERAXIS,EQ,230.2,0.1,2060.68,2.62,5.97
ZYDUSWELL,EQ,510,0.9,16226.2,1.17,5.94
AVL,EQ,625,0.99,8071.13,0.94,5.9
FINKURVE,EQ,73.98,17.75,1036.79,8.12,5.87
CHALET,EQ,825,0.15,18067.02,0.71,5.87
VOEPL,EQ,509.8,2.15,1622.85,1.17,5.87
TATVA,EQ,1724,0.84,4032.79,0.34,5.87
MPSLTD,EQ,2816,2.16,4817,0.21,5.85
PARKHOSPS,EQ,281.9,0.28,12176.13,2.06,5.81
INDRAMEDCO,EQ,373,0.3,3419.4,1.53,5.73
HIKAL,EQ,219.8,1.59,2710.15,2.53,5.57
PVTBANIETF,EQ,27.65,0.07,3983.99,20.2,5.57
INDUSINVIT,IV,132.99,0.2,8125.77,4.12,5.51
KECL,EQ,144,0.84,956.36,3.73,5.37
ARSSBL,EQ,507.55,0.57,3200.94,1.06,5.35
CHEMPLASTS,EQ,184,2,2909.22,2.88,5.31
GANESHHOU,EQ,845,3.45,7046.21,0.64,5.3
DWARKESH,EQ,42.95,0.3,795.87,12.15,5.29
EFCIL,EQ,179.99,0.81,2662.88,2.93,5.27
DJML,EQ,104.7,0.01,359.94,4.77,5.18
UNICHEMLAB,EQ,543,0.11,3823.03,0.95,5.14
ANUP,EQ,1850.3,0.07,3706.42,0.27,5.05
SMCGLOBAL,EQ,79.85,0.99,1672.06,6.36,5.03
SPLPETRO,EQ,728,1.58,13689.41,0.69,5.03
DEEDEV,EQ,632.7,0.48,4760.4,0.79,5
SILVERADD,EQ,223.6,0.37,1463.57,2.25,4.99
DPABHUSHAN,EQ,1435,5.12,3275.81,0.36,4.96
PSPPROJECT,EQ,923,0.45,3658.94,0.51,4.67
GALLANTT,EQ,586,2.19,14139.06,0.8,4.66
VERTIS,IV,116,0.87,17515.81,4,4.65
RIIT,IV,119,1.24,7140,3.9,4.62
HDFCLIQUID,EQ,1073.9,0.04,68.29,0.43,4.62
FRONTSP,EQ,1331.5,1.42,1573.24,0.35,4.57
SAFARI,EQ,1500.1,0.52,7350.09,0.31,4.56
DURLAX,SM,67,11.67,193.85,6.82,4.55
MASTEK,EQ,1840,0.74,5704.44,0.25,4.54
VINATIORGA,EQ,1345,0.03,13943.03,0.33,4.45
SALASAR,EQ,5.98,1.36,1045.27,74.65,4.45
VISHNU,EQ,608,1.29,4092.77,0.73,4.42
IRISDOREME,EQ,58,0.85,1103.92,7.61,4.41
DLINKINDIA,EQ,421,0.53,1494.75,1.04,4.4
KOVAI,EQ,6049,2.67,6618.97,0.07,4.38
GUJALKALI,EQ,696.35,0.29,5113.78,0.63,4.38
IRBINVIT,IV,64.58,1.27,8276.57,6.77,4.34
MAXESTATES,EQ,442,0.56,7227.29,0.96,4.27
MON100,EQ,332.6,0.62,16767.52,1.27,4.24
KAMATHOTEL,EQ,196.99,5.04,580.73,2.18,4.22
APCOTEXIND,EQ,597.6,1.17,3098.25,0.7,4.18
20MICRONS,EQ,191,4.33,673.97,2.2,4.16
GROWWSLVR,EQ,22.7,0.18,321.65,18.41,4.15
TIL,BE,238.95,4.99,1913.78,1.74,4.11
SILVERAG,EQ,225.64,0.19,1185.36,1.84,4.1
MAMATA,EQ,429,0.8,1055.67,0.95,4.08
PRSMJOHNSN,EQ,105.6,0.16,5315.45,3.81,4.02
ACCENTMIC,SM,583.5,2.49,1399.76,0.69,4.02
JKLAKSHMI,EQ,550,0.15,6827.94,0.73,4.01
IGARASHI,EQ,458.8,1.81,1444.08,0.88,3.99
ZTECH,SM,525,1.16,775.13,0.79,3.99
DBOL,EQ,119.7,1.65,794.66,3.31,3.98
HARSHA,EQ,411.05,1.39,3742.37,0.96,3.94
AHCL,EQ,14.52,1.89,771.76,27.25,3.91
SGBFEB32IV,GB,15350,0.15,19627.77,0.03,3.91
MEDPLUS,EQ,668,0.01,8025.16,0.58,3.89
GANESHCP,EQ,160,0.04,646.61,2.39,3.88
TAURIAN,SM,430,3.66,381.98,0.91,3.85
ALEMBICLTD,EQ,87.2,4.57,2239.14,4.45,3.81
ANONDITA,SM,1118.9,4.87,2023.71,0.34,3.77
IIFLCAPS,EQ,335,0.03,10546.02,1.12,3.76
APOLLOPIPE,EQ,512.25,0.75,2256.37,0.74,3.76
JSWDULUX,EQ,3165,1.33,14413.51,0.12,3.73
UTIAMC,EQ,909.95,0.16,11696,0.41,3.72
METALIC,SM,124,8.63,297.41,3.06,3.68
CEIGALL,EQ,318.1,0.33,5541.46,1.15,3.68
SHRIRAMPPS,EQ,78.1,0.12,1332.81,4.49,3.51
TAKE,EQ,23.97,1.1,354.6,14.51,3.45
KAMDHENU,BE,34.3,2.57,966.86,10.27,3.41
GYFTR,EQ,161.35,1.16,1239.3,2.06,3.38
ADFFOODS,EQ,265.05,1.22,2911.93,1.27,3.35
KAPSTON,EQ,590.5,0.92,1797.02,0.57,3.33
TTKHLTCARE,EQ,1152,1.13,1627.81,0.29,3.32
ALPEXSOLAR,SM,774,1.57,1977.03,0.43,3.3
PRIMO,EQ,25.55,4.41,619.19,13,3.3
LTGILTBEES,EQ,30.13,0.13,2472.22,10.9,3.28
AHLUCONT,EQ,840,2.45,5626.96,0.39,3.27
GEOJITFSL,EQ,80.38,0.6,2243.58,4.07,3.26
CRAMC,EQ,257,0.35,5125.03,1.26,3.25
CEWATER,EQ,264.9,1.26,548.24,1.22,3.23
MACPOWER,EQ,1753,0.38,1753.73,0.18,3.15
DOLLAR,EQ,273.45,0.63,1550.9,1.14,3.13
SHREERAMA,EQ,43.68,9.5,582.99,7.18,3.12
UCAL,EQ,138.15,8.02,305.5,2.26,3.11
EUROPRATIK,EQ,283.85,0.28,2900.95,1.09,3.1
MAHLOG,EQ,408,0.49,4048.28,0.75,3.05
KALAMANDIR,EQ,87.17,1.56,1336.89,3.51,3.05
ORIENTTECH,EQ,259.8,1.98,1190.04,1.18,3.04
ACSTECH,EQ,50,3.05,303.41,5.91,2.99
ESTER,EQ,101.9,0.24,1062.77,2.91,2.97
AYMSYNTEX,EQ,266.8,4.04,1568.46,1.1,2.96
UNIVASTU,BE,160.69,5,578.27,1.85,2.95
INDNIPPON,EQ,1129,0.78,2553.96,0.26,2.89
LGBBROSLTD,EQ,1593.6,0.15,5082.38,0.18,2.87
VIVIDEL,ST,1566.75,5,1392.5,0.18,2.87
DOLPHIN,EQ,515,6.21,2060.24,0.57,2.84
JASH,EQ,491.05,1.54,3103.13,0.58,2.81
REMUS,SM,892,1.48,1051.13,0.31,2.8
HNGSNGBEES,EQ,483.6,0.75,1140.65,0.58,2.8
BIKEWO,ST,100.05,4.98,130.5,2.84,2.79
ESCONET,SM,213.3,9.98,281.48,1.3,2.77
KOPRAN,BE,190.2,5,918.43,1.47,2.77
LOWVOLIETF,EQ,22.67,0.22,3502.59,12.21,2.76
RIR,EQ,167,0.22,1328.86,1.66,2.74
IMAGICAA,EQ,47.5,0.59,2687.84,5.7,2.72
GROWWPOWER,EQ,11.52,0.17,277.9,23.44,2.7
DPEL,SM,572,0.82,1428,0.47,2.69
RACLGEAR,EQ,1390,0.02,1638.54,0.19,2.68
KOHINOOR,EQ,27.72,20,102.76,9.82,2.67
AMANTA,BE,156.33,2,607.02,1.74,2.67
TIRUPATIFL,BE,67.85,3.07,876.55,4.12,2.66
AJMERA,EQ,119,1.55,2341.87,2.22,2.64
NOVARTIND,EQ,1588.3,2.58,3921.64,0.16,2.62
VENTIVE,EQ,594.4,1.01,13881.71,0.45,2.61
IFGLEXPOR,EQ,223.53,0.18,1611.17,1.15,2.59
SPMLINFRA,EQ,190.6,2.05,1603.9,1.35,2.53
TCL,SM,133.15,4.02,324.11,1.94,2.45
MUKKA,EQ,26.55,1.49,796.5,9.2,2.43
MONTECARLO,EQ,508.75,0.8,1054.74,0.48,2.42
VINYAS,SM,1351,2.34,1700.2,0.18,2.4
NDRAUTO,EQ,819,1.26,1948.02,0.29,2.35
UGROCAP,EQ,93.2,0.87,1447.29,2.54,2.33
PRIZOR,ST,850,2.37,917.68,0.28,2.32
NITCO,EQ,93.34,1.61,2245.44,2.49,2.3
DIAMONDYD,EQ,1186.2,0.17,2836.27,0.19,2.28
BIRLACORPN,EQ,903.1,0.12,6954.35,0.25,2.28
SGIL,EQ,567.15,5.27,881.52,0.41,2.26
PILANIINVS,EQ,4535,0.03,5021.27,0.05,2.23
CSM,EQ,100.45,0.25,518.36,2.19,2.23
SUBROS,EQ,759.4,0.07,4954,0.29,2.22
NARMADA,EQ,15.21,2.77,115.4,14.5,2.19
BSLNIFTY,EQ,28.78,0.49,3382.16,7.63,2.19
NIFTYETF,EQ,265.66,0.12,5520.96,0.82,2.17
SERVOTECH,EQ,82.87,0.23,1871.58,2.6,2.15
AGI,EQ,704.7,0.4,4559.22,0.3,2.14
SHREEPUSHK,EQ,384,3.78,1241.77,0.56,2.14
BHAGCHEM,EQ,289.5,4.82,3753.92,0.74,2.11
LOWVOL1,EQ,21.68,0.46,288.8,9.74,2.11
ECOSMOBLTY,BE,119.8,0.27,718.8,1.81,2.09
935TSI30,N0,105370,2.44,1316.5,0,2.08
MHRIL,EQ,229.98,2.72,4646.89,0.92,2.08
CAPINVIT,IV,76.85,0.54,3777.58,2.67,2.05
HONDAPOWER,EQ,2152,2.22,2182.79,0.1,2.04
INFRAIETF,EQ,97.48,0.73,431.8,2.09,2.03
HDFCBSE500,EQ,38.14,0.08,98.22,5.29,2.01
930APMD30,N0,103717.49,0.06,1037.16,0,2.01
AMBIKCO,EQ,1595,0.21,913.14,0.13,2.01
ROSSARI,EQ,506.9,1.91,2807.93,0.4,2
AONELIQUID,EQ,1072.77,0.04,302.52,0.19,1.99
OSELDEVICE,SM,394.95,3.04,702.8,0.51,1.97
JLHL,EQ,318,0.63,10425,0.62,1.95
MILTON,SM,38.6,4.89,65.6,5.48,1.95
3IINFOLTD,BE,27,0.26,559.99,7.34,1.92
PPL,BE,276,4.39,660.15,0.7,1.91
VEEDOL,EQ,1507.8,0.66,2627.19,0.13,1.9
GKSL,EQ,136.7,0.38,1077.79,1.39,1.9
WPIL,EQ,421,0.14,4111.94,0.45,1.89
VIPULLTD,BE,14.3,2,201.57,13.09,1.87
SHALPAINTS,BE,91.39,5,765.04,2.02,1.85
PONNIERODE,EQ,344,1.85,295.79,0.53,1.84
CUDML,ST,112,3.37,197.63,1.77,1.84
INDOFARM,EQ,147,0.09,706.36,1.21,1.78
SWARAJENG,EQ,3635,0.46,4416.48,0.05,1.75
MAHSCOOTER,EQ,13388,0.36,15300.57,0.01,1.73
MODIS,EQ,405,1.72,793.44,0.43,1.72
VILAS,SM,373.95,6.81,915.43,0.47,1.72
OMPOWER,EQ,172,0.74,589.01,1.01,1.72
87HMDA34,N0,104721.64,0.16,201.99,0,1.72
GATECH,BE,0.77,4.05,84.91,225.53,1.71
MODISONLTD,BE,339.15,5,1100.54,0.5,1.7
FISCHER,EQ,39,0.54,2529.21,4.38,1.7
DANISH,SM,769,1.22,1514.28,0.22,1.69
KHAICHEM,EQ,52.79,3.13,512.01,3.24,1.68
CONTROLPR,EQ,585.8,2.4,936.94,0.29,1.68
MAHLIFE,EQ,384.3,0.14,8199.95,0.43,1.67
QLINE,SM,531.35,0.09,1239.54,0.31,1.64
ABSMARINE,ST,234.45,4.99,575.57,0.7,1.64
PNBGILTS,EQ,79.9,0.48,1438.28,2.04,1.62
INTLCONV,EQ,79,8.13,503.87,2.14,1.6
SSEGL,SM,306.5,0.94,796.24,0.52,1.58
MHLXMIRU,EQ,190,0.76,201.79,0.81,1.56
ASAL,EQ,499.9,0.47,793.06,0.31,1.55
AKSHARCHEM,BE,309.68,4.58,248.77,0.5,1.54
IGPL,EQ,459.65,0.02,1415.49,0.33,1.51
RMC,EQ,268,0.22,283.59,0.56,1.51
ELIQUID,EQ,1043.82,0.04,61.58,0.14,1.48
MAGADSUGAR,EQ,543.95,0.2,766.51,0.27,1.48
FOODSIN,EQ,57,5.67,419.13,2.59,1.48
MIDCAPIETF,EQ,24.37,0.04,788.94,6.03,1.47
BHADORA,ST,105.4,4.88,196.04,1.43,1.46
BLKASHYAP,EQ,51.88,0.14,1169.58,2.81,1.45
GICHSGFIN,EQ,140.79,0.84,758.17,1.03,1.45
TCC,EQ,256.05,0.53,1216.96,0.56,1.45
IITL,EQ,147,0.4,331.45,0.99,1.45
DBCORP,EQ,212.15,0.59,3781.67,0.68,1.44
INVPRECQ,BE,1210,1.51,1210,0.12,1.43
PURPLEUTED,ST,353,5,339.23,0.41,1.43
SJLOGISTIC,SM,318,1.91,486.32,0.45,1.43
SAHANA,SM,795,1.24,843.06,0.18,1.42
ASHIANA,EQ,364.25,0.64,3661.62,0.39,1.41
KNAGRI,EQ,220,2.55,549.98,0.62,1.41
GROWWLIQID,EQ,110.37,0.05,135.46,1.26,1.4
KALPATARU,EQ,288,0.03,5930.56,0.48,1.38
NINSYS,EQ,751,4.82,1395.06,0.19,1.38
GRAUWEIL,EQ,67.2,0.54,3046.93,2.04,1.37
CHANDAN,SM,248,2.73,606.41,0.55,1.36
KSHITIJPOL,EQ,3.11,4.36,47.97,43.29,1.35
MID150CASE,EQ,11.85,0.17,269.56,11.4,1.35
NIF100BEES,EQ,272.33,0.41,357.75,0.49,1.34
FABTECH,EQ,147,0.05,653.43,0.91,1.34
KUANTUM,EQ,80.01,0.14,698.2,1.65,1.33
GROWWHOSPI,EQ,52.78,0.63,142.88,2.51,1.32
FLAIR,EQ,254.95,0.08,2687.06,0.51,1.3
SURANI,SM,100,12.42,155.48,1.29,1.29
NAGREEKEXP,EQ,24.47,8.08,76.47,5.25,1.28
NIFTY1,EQ,270.89,0.06,3547.7,0.47,1.28
CORALFINAC,EQ,33.35,0.51,134.41,3.78,1.27
VIDHIING,EQ,310,0.85,1548.3,0.41,1.26
HALDER,EQ,305,6.75,379.36,0.42,1.26
NGLFINE,EQ,3484,1.41,2152.42,0.04,1.26
SIMPLEXINF,EQ,252,0.5,1993.2,0.5,1.26
SILGO,EQ,69.72,0.14,273.93,1.81,1.25
GAYAPROJ,BE,21.16,4.96,982.46,5.9,1.25
GLOBAL,EQ,105,2.46,534.47,1.19,1.24
NEXT50BETA,EQ,80.6,0.62,2357.28,1.51,1.22
GANESHBE,BE,118,3.94,849.48,1.04,1.21
LPDC,EQ,8.15,7.8,109.33,14.02,1.2
GLOBECIVIL,EQ,45.4,2.46,271.12,2.69,1.2
THEMISMED,EQ,104.51,0.53,962.54,1.14,1.18
COMMITTED,ST,348,3.26,406.1,0.34,1.17
SANGAMIND,EQ,603,0.78,3029.87,0.2,1.16
GILT5YBEES,EQ,66.56,0.23,265.94,1.75,1.16
DEFENCE,EQ,82.48,0.33,160.91,1.4,1.15
HDFCNIFBAN,EQ,59.5,0.12,5031.62,1.94,1.15
OSWALSEEDS,EQ,12.15,19.94,111.14,9.52,1.14
ARHAM,SM,190.45,0.82,415.41,0.6,1.14
WOMANCART,SM,101.55,8.44,83.4,1.11,1.13
SUNLITE,SM,462.05,3.59,637.9,0.24,1.13
BBTCL,EQ,243.9,5.57,500.27,0.47,1.13
NILASPACES,EQ,12.37,3.69,487.24,8.94,1.12
SUNDRMBRAK,BE,881.05,5,346.66,0.13,1.11
ADISOFT,SM,181,5.39,295.36,0.62,1.1
GROWWEV,EQ,34.28,0.41,311.51,3.19,1.09
ISFT,EQ,82.14,7.08,133.98,1.3,1.08
NDRINVIT,IV,142.5,1.79,6527.06,0.75,1.07
AKIKO,ST,340,0.71,366.17,0.31,1.06
GUJTHEM,EQ,349.8,0.73,3811.6,0.3,1.05
PATELRMART,EQ,219.97,2.07,734.71,0.48,1.04
GPTHEALTH,EQ,155.8,0.53,1278.41,0.67,1.03
91PFL30,N0,103034.93,3.03,113.34,0,1.03
950SCL30,N0,103023.12,2.84,82.42,0,1.03
SGBJUN31I,GB,15246.99,0.81,11845.83,0.01,1.03
PHANTOMFX,SM,142.05,13.28,226.18,0.72,1.03
RUSTOMJEE,EQ,374.8,0.35,4731.49,0.28,1.03
PANACHE,BE,524.75,4.99,840.33,0.2,1.02
INNOMET,ST,210.2,1.99,272,0.49,1.02
ONELIFECAP,BE,33.74,4.98,126.05,3.03,1.02
TERASOFT,EQ,355.85,0.84,445.24,0.28,0.99
SEL,SM,318.4,3.83,73.83,0.31,0.99
HEIDELBERG,EQ,158.4,0.2,3589.55,0.63,0.99
GENCON,EQ,39.4,0.15,224.53,2.48,0.98
ALPHAGEO,EQ,297,2.23,189.03,0.33,0.98
THEJO,EQ,2099,1.27,2276.89,0.05,0.97
WSI,EQ,60.59,4.86,459.85,1.62,0.97
IT,EQ,34.79,0.14,330.38,2.78,0.97
NITTAGELA,EQ,1600,1.53,1452.67,0.06,0.96
ELITECON,EQ,17.35,2.6,2773.4,5.62,0.96
ZUARI,EQ,221,0.04,929.48,0.43,0.95
LEMERITE,EQ,23.4,0.69,292.89,4.11,0.95
GICL,EQ,23.15,1.58,259.17,4.11,0.94
OPTIVALUE,ST,176.45,5,413.09,0.53,0.93
SHIVALIK,BE,269,3.37,423.68,0.35,0.93
MAXVOLT,ST,333.5,4.99,363.65,0.28,0.93
SGBSEP31II,GB,15250,0.07,17802.79,0.01,0.93
ALBERTDAVD,EQ,804.05,0.24,458.88,0.11,0.92
BI,EQ,76.81,20,180.85,1.22,0.92
DISAQ,EQ,11640,0.37,1692.69,0.01,0.91
E2ERAIL,ST,266.55,4.98,460,0.34,0.91
CENTRUM,EQ,25.33,2.84,1233.14,3.56,0.9
ELECTHERM,EQ,1024.9,1.32,1306.01,0.09,0.9
MANBA,EQ,131.97,0.37,663.01,0.68,0.89
PREMIERPOL,EQ,74.5,2.79,780.33,1.23,0.89
INFRABEES,EQ,979,1.11,188.43,0.09,0.89
ITIETF,EQ,34.84,0.17,579.08,2.56,0.89
SUYOG,EQ,848,2.17,993.61,0.11,0.89
PLASTIBLEN,EQ,199.99,2.02,519.76,0.44,0.88
AMBALALSA,EQ,41.99,1.08,321.78,2.07,0.88
HERANBA,EQ,170,1.31,680.23,0.51,0.88
GSLSU,EQ,32.26,4,136.72,2.69,0.86
SIMCA,SM,245,0.82,293.3,0.35,0.86
COASTCORP,EQ,42.43,1.75,284.18,2.03,0.86
SUPREMEINF,EQ,91.97,3.16,889.68,0.95,0.86
JAYSREETEA,EQ,92.3,2.46,266.54,0.93,0.85
SHERA,ST,171.9,1.36,420.11,0.5,0.85
ORIENTCER,EQ,43.58,4.76,521.39,1.97,0.85
SENSEXIETF,EQ,901.09,0.45,32769.11,0.09,0.84
SIGNPOST,EQ,268,0.19,1432.46,0.32,0.84
GULFPETRO,BE,62.05,0.53,316.36,1.37,0.84
HAWKINCOOK,EQ,8370,0.78,4425.9,0.01,0.84
NDTV,EQ,76.84,0.62,866.95,1.1,0.84
APEXECO,ST,290,2.47,382.37,0.29,0.83
AVATAR,ST,231,0.43,240.63,0.36,0.83
REMSONSIND,EQ,88.4,0.12,308.33,0.93,0.83
FEDDERSHOL,EQ,42.5,3.33,856.02,1.97,0.82
BGRENERGY,BE,259.95,0.39,1875.84,0.31,0.8
CMNL,SM,107,0.94,258.24,0.72,0.78
ROXHITECH,SM,57.7,5.39,132.35,1.33,0.77
UNITEDPOLY,BE,33.44,3.31,767.5,2.32,0.76
SAAKSHI,ST,296.1,5,522.79,0.26,0.76
KODYTECH,ST,1399,1.02,1999.66,0.05,0.75
DONEAR,EQ,87.5,2.87,455,0.85,0.75
VIVIANA,BE,706.95,0.6,715.77,0.11,0.75
DAVANGERE,EQ,3.02,1.34,431.86,24.9,0.75
LOKESHMACH,BE,347.1,0.03,739.21,0.21,0.74
FCSSOFT,EQ,1.52,7.8,259.85,50.46,0.74
KEN,SM,43.5,8.48,106.86,1.68,0.73
KHADIM,BE,98.59,4.99,181.19,0.75,0.73
GPECO,ST,396.2,0.15,468.74,0.19,0.73
DRAGARWQ,EQ,5427.5,0.18,2623.02,0.01,0.72
DCMSRIND,EQ,42.49,1.87,369.63,1.69,0.72
BANKBETA,EQ,59.67,0.03,3146.99,1.19,0.71
MONIFTY500,EQ,24.27,0.21,296.82,2.91,0.7
CONSUMBEES,EQ,135.64,0.42,198.24,0.52,0.7
APSISAERO,ST,490,1.21,590.54,0.14,0.7
CCCL,EQ,15.95,5.7,712.58,4.38,0.7
VASCONEQ,EQ,31.9,1.56,739.11,2.17,0.68
SGBAUG28V,GB,15049.99,0.07,9556.41,0,0.68
GANDHITUBE,EQ,886,0.38,1076.67,0.08,0.68
SUBEXLTD,BE,13.9,1.24,781.18,4.9,0.68
INSECTICID,EQ,630,0.35,1833.16,0.1,0.66
XCHANGING,EQ,64.11,0.58,714.21,1.04,0.66
ANZEN,IV,132.4,3.64,4449.47,0.5,0.66
YUKEN,EQ,855.3,1.14,1161.84,0.08,0.66
ASAHISONG,BE,362.05,4.65,426.76,0.18,0.66
TPLPLASTEH,EQ,77.2,0.76,602.18,0.85,0.65
NIFTYBETA,EQ,270.96,0.09,73884.09,0.24,0.65
AUTOAXLES,EQ,1785,0.15,2697.49,0.04,0.64
MOSILVER,EQ,229.68,0.33,1040.24,0.28,0.64
SUNDROP,EQ,663.95,0.11,2502.88,0.1,0.64
734GS2064,GS,100.5,0.16,240195,0.63,0.64
SUNCLAY,EQ,1250,0.5,2755.77,0.05,0.63
PROZONER,EQ,42,1.3,640.93,1.51,0.63
SESHAPAPER,EQ,231.48,0.93,1459.9,0.27,0.62
CONNPLEX,SM,206,3.39,393.46,0.3,0.62
MADHUSUDAN,ST,233.45,2.71,376.67,0.27,0.61
QMSMEDI,EQ,132.79,2.45,256.78,0.47,0.61
QUICKHEAL,BE,150,0.33,813.96,0.41,0.61
SCML,SM,84,2.82,121.77,0.74,0.6
MAHASTEEL,BE,1055,2.56,1733.83,0.06,0.6
LANCORHOL,EQ,28.75,3.23,211.46,2.08,0.6
OLIL,SM,424,1.98,284.58,0.14,0.59
NRAIL,EQ,524,3.79,891.8,0.11,0.58
SAHASRA,ST,319,0.31,797.27,0.18,0.57
INDOAMIN,BE,130.8,0.48,949.45,0.44,0.57
SAKHTISUG,EQ,17.23,0.53,204.78,3.3,0.56
RNFI,SM,275.6,0.77,698.84,0.2,0.56
AVONMORE,EQ,12.45,3.92,351.32,4.46,0.56
PLAZACABLE,EQ,56.38,4.99,246.67,0.97,0.55
TAMBOLIIN,BE,244,2.01,242.05,0.23,0.55
LIQUIDSHRI,EQ,1117.5,0.04,37.52,0.05,0.54
DAICHI,EQ,335.95,3.77,250.32,0.16,0.54
BLUEWATER,ST,416.9,0.2,458.59,0.13,0.54
MOMENTUM30,EQ,31.24,0.1,33.62,1.7,0.53
MOMIDMTM,EQ,65.21,0.09,49.06,0.81,0.53
SHINDL,EQ,164.95,1.83,646.84,0.32,0.53
KRISHIVAL,EQ,409.4,0.86,912.76,0.13,0.52
DIGIKORE,SM,41.8,4.11,52.94,1.3,0.52
PYRAMID,EQ,163.87,1.39,602.79,0.32,0.51
CUBEXTUB,EQ,83.3,0.85,119.28,0.62,0.51
LAMOSAIC,ST,56,0.72,57.89,0.91,0.51
MEIL,EQ,274.85,0.15,759.41,0.19,0.51
MERCURYEV,EQ,36.25,4.77,688.65,1.41,0.5
KSOLVES,EQ,278,1.35,659.43,0.18,0.5
MVGJL,EQ,156.7,0.75,765.44,0.32,0.5
HGS,EQ,410,1.31,1907.33,0.12,0.49
PCCL,SM,305.5,0.88,754.59,0.16,0.49
GRADIENTE,EQ,2.72,2.26,90.41,17.81,0.49
STERTOOLS,BE,224.75,1.33,816.84,0.22,0.49
96IIFL28,N5,1003.99,0.07,384.35,0.05,0.48
OCCLLTD,BE,152,1.67,759.25,0.31,0.48
NAMOEWASTE,ST,274,2.81,626.57,0.18,0.48
DHUNINV,EQ,1046.9,0.41,638.31,0.04,0.48
NIMBSPROJ,EQ,180,1.6,347.74,0.26,0.47
ATAM,EQ,58.95,8.46,67.57,0.79,0.46
SHANTIGEAR,EQ,396,0.43,3037.95,0.12,0.46
MODINATUR,BE,401,0.74,533.59,0.11,0.46
ESILVER,EQ,231.54,0.26,1719.35,0.2,0.46
RAJESHEXPO,BZ,81.6,0.75,2409.32,0.56,0.46
KOKUYOCMLN,EQ,81.9,1.05,821.49,0.56,0.46
TOP10ADD,EQ,88.99,0.6,704.6,0.5,0.45
IFBAGRO,BE,1034.9,1.36,969.4,0.04,0.44
MICEL,BE,36.64,0.91,883.07,1.22,0.44
SIL,EQ,19.68,3.74,126.6,2.23,0.44
GRPLTD,EQ,2015,1.12,1074.67,0.02,0.44
KAVDEFENCE,EQ,57.39,0.17,345.05,0.76,0.43
SRHHYPOLTD,EQ,496.15,0.41,851.63,0.09,0.43
ACCELYA,EQ,1142.9,0.79,1705.92,0.04,0.43
SIGMA,EQ,46.36,1.47,476.46,0.94,0.43
STCINDIA,EQ,116.72,0.34,700.32,0.37,0.43
UYFINCORP,BE,21.05,4.41,400.45,2.06,0.43
LIBERTSHOE,EQ,239.95,0.59,408.87,0.18,0.43
MONQ50,EQ,150.15,1.02,220.35,0.28,0.42
TPHQ,EQ,0.49,19.51,53.71,88.57,0.42
DENTALKART,SM,408,5.14,707.62,0.1,0.42
ALPL30IETF,EQ,28.34,0.11,1592.18,1.43,0.41
TEAMGTY,EQ,227,0.47,204.14,0.18,0.4
BODALCHEM,BE,68.2,0.78,858.94,0.59,0.4
SGBJUN30,GB,15139,0.38,3872.35,0,0.4
KDL,SM,96.35,9.99,115.85,0.42,0.4
SHANTI-RE,BE,23.66,40,10.94,2.36,0.4
DECCANCE,EQ,547.5,0.84,766.91,0.07,0.39
ARIHANTACA,SM,499.55,4.07,302.49,0.08,0.39
MINDTECK,EQ,177.5,0.25,567.19,0.22,0.39
FORCAS,ST,202.95,4.61,356.79,0.19,0.38
ELGIRUBCO,EQ,60.05,1.49,300.55,0.66,0.38
709GS2054,GS,96.99,0.54,143545.2,0.39,0.38
IEML,SM,42.5,6.92,77.92,0.88,0.38
SHREEDHAR,ST,117.45,4.96,251.79,0.32,0.37
KAYA,EQ,305,4.17,463.22,0.13,0.37
CALSOFT,BE,24.6,4.99,86.19,1.52,0.37
TOLINS,EQ,97.59,1.96,385.57,0.38,0.37
ATL,EQ,23.78,0.59,599.4,1.59,0.37
SMLT,EQ,71.03,4.53,97.24,0.51,0.37
NDGL,EQ,2947.9,1,294.79,0.01,0.36
FRESHARA,ST,356,0.74,836.57,0.1,0.36
SHIVASHRIT,SM,125,1.58,228.36,0.29,0.36
SARLAPOLY,EQ,102.4,0.84,814.11,0.35,0.35
EQUAL50ADD,EQ,349.75,0.53,1406.05,0.1,0.35
PAKKA,EQ,74.8,0.21,336.21,0.47,0.35
BRIGHOTEL,EQ,59.62,0.68,2264.62,0.59,0.35
JETFREIGHT,EQ,22.33,0.18,103.62,1.53,0.34
MANAKSTEEL,EQ,86,0.68,563.59,0.4,0.34
VALIANTLAB,EQ,82.41,4.99,447.59,0.41,0.34
NURECA,BE,346,0.41,330.15,0.1,0.34
RAJOOENG,BE,51,0.22,911.24,0.66,0.34
MEGATHERM,SM,194.5,0.41,366.45,0.17,0.33
METROGLOBL,EQ,145,9.58,178.85,0.24,0.33
PPAP,BE,290,0.09,410.44,0.12,0.33
676GS2061,GS,94.35,0.48,134070.93,0.35,0.33
AKANKSHA,SM,118.75,5,232.52,0.28,0.33
ADVANIHOTR,EQ,52.3,1.67,483.45,0.63,0.33
875NHAI29,N6,1123.74,0.42,1337.03,0.03,0.32
EIHAHOTELS,EQ,300,0.35,1828.09,0.11,0.32
MASPTOP50,EQ,80.72,0.21,1361.13,0.4,0.32
STEL,EQ,583.9,4.19,1077.61,0.06,0.32
BCPL,EQ,73.19,6.55,122.4,0.44,0.32
HIGREEN,SM,137,2.01,342.36,0.24,0.32
76NHAI31,NA,1115.01,0.02,2982.94,0.03,0.32
SARVESHWAR,EQ,3.47,0.58,427.37,9.14,0.32
CEMNTGROWW,EQ,15.1,2.72,7.9,2.08,0.31
NV20IETF,EQ,13.79,0.07,178.03,2.27,0.31
CAPTRUST,BE,21.4,3.58,72.8,1.44,0.31
UTKAL,SM,53.3,4.92,104.12,0.58,0.31
ALLDIGI,EQ,813.05,0.31,1238.95,0.04,0.31
BATLIBOI,EQ,89.97,1.97,424.05,0.35,0.31
DCMSIL,BE,84.49,1.59,735,0.37,0.31
APS,SM,245,1.05,493.92,0.13,0.31
BLIL,EQ,71,0.42,1576.01,0.42,0.3
PVSL,EQ,116.95,2.36,832.66,0.26,0.3
AKCAPIT,EQ,1730.1,1.9,1141.87,0.02,0.29
ATLANTAA,EQ,39.9,1.32,325.19,0.73,0.29
SYSTANGO,SM,215,0.28,315.38,0.14,0.29
MMWL,EQ,15.98,4.51,1810.12,1.83,0.29
MOENERGY,EQ,38.87,0.1,67.79,0.74,0.29
SUPERHOUSE,EQ,170.5,1.49,187.98,0.17,0.28
FILATFASH,EQ,0.19,5.56,158.35,156.87,0.28
PSRAJ,ST,88,2.74,331.69,0.33,0.28
ESFL,SM,134.5,0.86,334.09,0.21,0.28
ANLON,SM,640,2.89,480.63,0.04,0.28
SEJALLTD,EQ,680.35,0.21,775.6,0.04,0.28
DHTL,SM,33.15,4.91,10.42,0.83,0.27
SREEL,EQ,243.01,1.36,562.69,0.11,0.27
PROPSHOP,ST,67.9,3.35,99.34,0.4,0.27
MENNPIS,EQ,74,2.42,377.4,0.36,0.26
MAHICKRA,SM,295,3.49,288.39,0.09,0.26
GOODYEAR,EQ,781,0.01,1801.49,0.03,0.26
PROFX,SM,80,0.25,140.03,0.32,0.26
CELLECOR,ST,31,2.65,689.21,0.81,0.25
GJL,ST,230,4.07,333.67,0.11,0.25
JAINIK,SM,207,3.94,297,0.12,0.25
TARACHAND,EQ,48.04,0.36,378.67,0.51,0.25
SONAMLTD,EQ,55.82,3.87,223.46,0.44,0.24
KARNIKA,SM,118.95,0.55,737.46,0.21,0.24
RCOM,BE,0.82,2.5,226.77,30.14,0.24
RUCHIRA,EQ,104.16,2.13,310.87,0.23,0.24
AIRAN,EQ,15.4,2.74,192.53,1.56,0.24
MIDSELIETF,EQ,19.94,0.35,115.34,1.2,0.24
AONESILVER,EQ,8.84,0.11,33.45,2.7,0.24
FWSTC,SM,197.75,0.38,201.25,0.12,0.24
SAGCEM,EQ,174.49,0.37,2280.72,0.13,0.23
DIVINEHIRA,ST,110,2.9,430.55,0.22,0.23
TAINWALCHM,EQ,206.8,1.73,193.64,0.11,0.23
PUNJABCHEM,EQ,1097,0.26,1345.16,0.02,0.23
TIJARIA,EQ,5.96,1.71,17.06,3.74,0.23
73GS2053,GS,100.55,0.5,196072.5,0.22,0.23
GTECJAINX,BE,28.9,3.21,29.45,0.76,0.22
KOTIC,EQ,145.45,0.88,1571.18,0.15,0.22
AMBAAUTO,SM,105.95,0.14,194.14,0.21,0.22
GREENLEAF,ST,125.2,4.59,74.23,0.18,0.22
DENEERS,SM,172,4.65,152.16,0.13,0.22
718GS2037,GS,103.8,0.56,178536,0.21,0.22
738GS2027,GS,102.5,0.11,145550,0.21,0.22
NV20BEES,EQ,141.43,0.03,145.04,0.15,0.22
AERONEU,EQ,84.51,0.36,218,0.26,0.22
DISHTV,EQ,2.83,1.07,521.08,7.68,0.22
COMMOIETF,EQ,100.53,0.19,129.84,0.21,0.21
SMARTLINK,BE,225.1,1.86,224.54,0.09,0.21
SUMMITSEC,EQ,1447.5,0.46,1578.03,0.01,0.21
ELCIDIN,EQ,112035,1.53,2240.7,0,0.21
SBIBPB,EQ,50.84,0.22,850.78,0.41,0.21
SUBAHOTELS,SM,116.3,1.93,281.94,0.18,0.21
BLAL,EQ,172.9,1.47,720.03,0.12,0.2
ACCPL,ST,192,4.09,213.43,0.11,0.2
PSUBANKADD,EQ,88.44,0.02,1211.47,0.23,0.2
RUBYMILLS,BE,369.9,1.99,1236.95,0.06,0.2
GLOTTIS,BE,65.3,0.88,603.39,0.31,0.2
VINSYS,ST,579,1.71,854.02,0.04,0.2
MOHEALTH,EQ,51.82,0.06,44.39,0.38,0.2
AONETOTAL,EQ,12.1,0.41,44.22,1.65,0.2
TRACXN,EQ,29.79,0.74,318.51,0.67,0.2
BANKADD,EQ,59.23,0.29,444.05,0.33,0.2
SAFEENTP,SM,238.25,0.04,1110.35,0.08,0.19
RACE,EQ,102,2.47,176.02,0.19,0.19
CONSUMIETF,EQ,125.44,0.06,53.78,0.15,0.19
GINNIFILA,BE,45.2,4.95,387.14,0.43,0.19
SHRIAHIMSA,ST,393.5,0.9,922.01,0.05,0.19
DBSTOCKBRO,BE,32.64,0.09,114.24,0.57,0.19
THEINVEST,EQ,100,3.95,522.42,0.18,0.19
VGINFOTECH,SM,156.95,1.26,390.31,0.12,0.19
NAHARSPING,EQ,302.5,0.25,1090.98,0.06,0.18
DHARAN,BZ,0.17,6.25,88.89,113.37,0.18
SGBOC28VII,GB,15075,0.1,2803.22,0,0.18
LTGILTCASE,EQ,30.72,0.1,118.74,0.59,0.18
MARUSHIKA,SM,117,0.78,99.88,0.16,0.18
DCMNVL,EQ,179.75,2.25,335.73,0.1,0.18
HEALTHAXIS,EQ,169,0.33,25.43,0.11,0.18
CHAVDA,SM,135.15,0.04,441.35,0.13,0.18
AXITA,EQ,7.27,0.28,278.24,2.4,0.17
WOL3D,ST,144.5,4.98,93.23,0.12,0.17
CPS,SM,1092,5,252.18,0.02,0.17
TSC,ST,50.75,4.96,73.68,0.34,0.17
SHETHJI,ST,170,0.32,386.92,0.1,0.17
POSITRON,SM,169,1.26,128.45,0.1,0.17
SHIVAUM,EQ,460,3.37,625.62,0.04,0.17
LORDSCHLO,EQ,139.8,1.03,400.58,0.12,0.17
SILINV,EQ,442,2.33,468.34,0.04,0.17
RVTH,EQ,730,2.12,223.89,0.02,0.16
ASIANHOTNR,EQ,301.9,1.48,1287.1,0.05,0.16
UMAEXPORTS,BE,22.1,4.79,74.72,0.74,0.16
GOYALSALT,SM,107,1.9,191.53,0.15,0.16
NIRLON,EQ,629.8,0.18,5675.63,0.03,0.16
SGBMAR31IV,GB,15235.7,0.3,5380.62,0,0.16
LINC,EQ,99.5,1.66,591.92,0.16,0.16
WORTHPERI,EQ,152.6,0.69,240.36,0.1,0.16
TRUST,SM,25.85,0.19,61.59,0.62,0.16
NAHARINDUS,EQ,121.15,0.71,523.44,0.13,0.15
MEGASTAR,EQ,315.8,3.8,356.66,0.05,0.15
LANDSMILL,EQ,0.77,1.32,108.62,20.06,0.15
PRITIKAUTO,BE,17.45,0.23,290.56,0.87,0.15
SHARIABEES,EQ,474.88,0.73,59.48,0.03,0.15
UCL,ST,260,1.17,361.05,0.06,0.15
HOACFOODS,ST,804,2.36,348.97,0.02,0.15
DIVOPPBEES,EQ,79.09,0.03,72.27,0.19,0.15
MIDQ50ADD,EQ,25.75,0.82,101.88,0.58,0.15
MAGSON,SM,184,1.1,245.98,0.08,0.15
SGBN28VIII,GB,15065,0.19,2370.41,0,0.14
RAJPALAYAM,EQ,840,0.91,774.5,0.02,0.14
UHTL,ST,102,1.9,193.84,0.14,0.14
STEELCITY,EQ,83.5,1.11,126.14,0.17,0.14
DIAMINESQ,EQ,241.11,0.45,242.4,0.06,0.14
NATHBIOGEN,EQ,155.1,0.01,294.75,0.09,0.14
IIFLZC26,NN,1487.35,0.02,43.59,0.01,0.13
BHARATGEAR,BE,103.48,1.12,158.89,0.13,0.13
ORICONENT,EQ,53.3,2.92,837.06,0.25,0.13
MULTICAP,EQ,16.94,0.06,86.54,0.78,0.13
MOTOUR,EQ,80.4,0.29,22.51,0.16,0.13
SADHAV,SM,117,1.34,188.76,0.11,0.13
ABMKNO,EQ,200,0.02,400.04,0.06,0.13
MGSL,SM,77.9,13.89,113.59,0.17,0.13
EMULTIMQ,EQ,42.29,0.28,32.21,0.3,0.13
COMFINTE,EQ,6.69,1.21,214.04,1.9,0.13
DHARARAIL,ST,142,1.43,214.19,0.09,0.13
TUNWAL,SM,26.8,0.19,154.62,0.46,0.12
SATTVAENGG,SM,74.05,0.07,129.36,0.16,0.12
QUESTLAB,SM,91.9,1.55,150.6,0.13,0.12
CLCIND,BE,50.98,4.94,52.99,0.23,0.12
MANGALAM,EQ,28,0.76,44.32,0.42,0.12
INVENTURE,EQ,0.92,1.1,96.6,13.04,0.12
AAATECH,EQ,92.4,2.26,118.52,0.13,0.12
SAHAJSOLAR,SM,109.95,1.9,241.58,0.11,0.12
MASON,SM,124.85,1.22,298.89,0.1,0.12
AJOONI,EQ,3.89,3.18,67,3.03,0.12
VIGOR,ST,90.95,4.54,94.15,0.13,0.11
SHEMAROO,BE,129,1.14,370.62,0.09,0.11
VSTL,EQ,108.49,1.51,205.72,0.11,0.11
EMMIL,SM,125,2.46,141.58,0.09,0.11
ELPROINTL,EQ,175,0.15,2965.88,0.06,0.11
ANYA,SM,15.2,1.33,182.4,0.75,0.11
TBI,SM,60,0.67,108.95,0.19,0.11
NEUEON,BE,17.12,4.97,968.04,0.66,0.11
OSWALAGRO,EQ,37.89,0.61,508.62,0.3,0.11
HLVLTD,EQ,7,0.86,461.48,1.57,0.11
VIAZ,SM,69.2,4.06,99,0.16,0.11
SRTL,EQ,39.62,0.3,158.38,0.27,0.11
NATCAPSUQ,EQ,150.15,2.19,156.32,0.07,0.11
PRECISION,ST,8.65,1.76,19.86,1.24,0.11
SANDESH,EQ,1082,0.99,819.01,0.01,0.11
ALMONDZ,EQ,14.5,1.97,253.6,0.73,0.11
SURANAT&P,EQ,16.58,1.84,225.09,0.63,0.1
NIPPOBATRY,EQ,333.95,2.56,250.46,0.03,0.1
DIGJAMLMTD,EQ,49.65,2.39,99.3,0.21,0.1
SILKFLEX,SM,207,1.22,240.26,0.05,0.1
GML,SM,19.8,4.49,30.04,0.52,0.1
ARCHIDPLY,EQ,93.5,0.74,185.74,0.11,0.1
DYNAMIC,ST,136,1.42,319.85,0.07,0.1
AONETMMQ50,EQ,10.42,0.19,16.22,0.96,0.1
JAYBEE,SM,86.5,0.35,195.21,0.12,0.1
NIFTY100EW,EQ,35.92,0.2,34.64,0.27,0.1
830NHAI27,N2,1084,0.09,3558.8,0.01,0.1
ROCKINGDCE,SM,182.8,8.36,103.45,0.06,0.1
SBIETFPB,EQ,280.2,0.32,647.12,0.03,0.1
SBGLP,EQ,25.88,1.33,448.8,0.38,0.1
ECOLINE,ST,193.9,2.05,397.79,0.05,0.09
NIF100IETF,EQ,28.64,0.32,161.26,0.33,0.09
SHRADHA,EQ,34.45,1.23,279.04,0.28,0.09
DELAPLEX,SM,90,1.12,82.43,0.1,0.09
KRITINUT,EQ,83.4,0.58,417.86,0.11,0.09
21STCENMGM,EQ,44.05,1.99,46.25,0.21,0.09
KEYFINSERV,EQ,268.75,1.17,149.6,0.03,0.09
LAGNAM,EQ,79.94,2.11,141.25,0.11,0.09
CHEVIOT,EQ,1161,0.19,678.24,0.01,0.09
NEOCHEM,ST,91,1.34,155.8,0.1,0.09
INFOLLION,SM,160,4.27,155.31,0.06,0.09
125VCCL31,N0,97999,1.24,68.6,0,0.09
GROWWPSE,EQ,100.87,1.31,17.87,0.09,0.09
GOLDSTAR,SM,7.7,4.76,220.37,1.13,0.09
INSUREIETF,EQ,15.51,0.58,45.14,0.55,0.09
S&SPOWER,EQ,324.1,1.15,399.99,0.03,0.09
ENERGYDEV,EQ,16.94,3.17,80.47,0.5,0.08
INFINIUM,SM,239.75,2.57,373.61,0.04,0.08
ALANKIT,EQ,8.16,0.62,221.27,1,0.08
EMAMIREAL,EQ,75,0.25,390.25,0.11,0.08
PAR,EQ,102.73,3.34,126.41,0.08,0.08
SADBHIN,BE,2.87,4.36,101.09,2.81,0.08
PASHUPATI,EQ,84.62,0.46,1335.64,0.09,0.08
VIJIFIN,BE,12.39,1.98,176.56,0.65,0.08
GANGABATH,SM,22.45,1.81,49.86,0.36,0.08
JKIPL,EQ,102.9,3.46,394.99,0.08,0.08
SOMATEX,EQ,92,1.57,303.9,0.09,0.08
SETF10GILT,EQ,267.1,0.1,3329.1,0.03,0.08
SAVY,SM,132,0.19,274.67,0.06,0.08
EFACTOR,SM,196.5,0.74,258.03,0.04,0.08
AMCL,SM,392,2.06,463.92,0.02,0.08
GROWWSC250,EQ,10.65,0.38,17.29,0.73,0.08
ACCURACY,BE,4.87,2.53,73.32,1.57,0.08
SUMIT,EQ,51.85,2.15,248.15,0.15,0.08
SBINEQWETF,EQ,34.07,0.5,40.86,0.22,0.08
GENXAI,SM,79,1.22,141.75,0.1,0.08
GRCL,ST,505,1.2,289.77,0.01,0.07
NGIL,BE,42.25,0.64,74.1,0.18,0.07
PATINTLOG,BE,13.98,1.16,89.73,0.53,0.07
GROWWPSUBK,EQ,88,0.19,6.45,0.08,0.07
NIFTYAXIS,EQ,270.55,0.14,943.46,0.03,0.07
709GS2074,GS,96.3,0.24,152154,0.07,0.07
PALREDTEC,BE,51.8,0.88,63.36,0.13,0.07
ENVIRO,SM,74.45,0.13,139.89,0.09,0.07
753IRFC30,NJ,1135,0.04,1219.24,0.01,0.07
LOVABLE,EQ,73,1.87,108.04,0.09,0.07
RBS,SM,93.45,3.37,224.27,0.07,0.07
ESG,EQ,42.05,0.19,99.4,0.16,0.07
STARPAPER,EQ,151,0.51,235.69,0.04,0.07
VARDHACRLC,BE,44.8,1.68,360.03,0.15,0.07
SGBAUG27,GB,15200,1.46,1557.75,0,0.06
SENSEXETF,EQ,80.62,0.4,42.29,0.08,0.06
JHS,EQ,8.98,4.3,78.49,0.71,0.06
9IIFL28A,NT,1039.99,0.97,123.69,0.01,0.06
INDOUS,EQ,82.82,6.81,166.07,0.08,0.06
BALAXI,EQ,24.01,0.08,132.55,0.26,0.06
SHIVATEX,EQ,163.02,1.83,211.32,0.04,0.06
915APSBC30,N0,103269.04,0.9,566.95,0,0.06
1025IIFL30,Y3,1030,0.98,63.85,0.01,0.06
MOMENTUM,EQ,31.89,1.01,39.99,0.2,0.06
771GS2066,GS,105,0.45,46178.48,0.06,0.06
743GS2076,GS,100.9,1.04,71639,0.06,0.06
ITAXIS,EQ,347.18,0.78,58.35,0.02,0.06
TGL,ST,20.9,1.7,25.08,0.3,0.06
MOKSH,EQ,10.7,0.85,94.43,0.57,0.06
HPIL,EQ,125.05,0.99,142.86,0.05,0.06
URAVIDEF,BE,108.8,1.64,124.03,0.05,0.06
FLEXIADD,EQ,10.37,0.1,15.05,0.57,0.06
COUNCODOS,BE,6.5,4,50.44,0.92,0.06
MANUGRAPH,BE,16.2,0.06,49.27,0.38,0.06
SUNREST,SM,39.9,13.51,17.12,0.14,0.06
DUCON,EQ,3.1,2.99,100.73,1.88,0.06
SOFTTECH,EQ,430.95,1.81,596.53,0.01,0.06
PILITA,EQ,8.5,3.03,199.75,0.68,0.06
DSFCL,BE,25.25,0.44,219.66,0.22,0.06
NIBL,EQ,33.5,2.86,81.17,0.17,0.06
VINNY,EQ,1.07,0.94,49.78,5.27,0.06
SHARDUL,BE,52.29,5,457.5,0.11,0.06
GENSOL,BZ,16.7,0.24,63.46,0.33,0.06
ANIKINDS,EQ,42.65,5,118.37,0.13,0.06
KIRANVYPAR,EQ,201.29,0.49,549.2,0.03,0.06
SENSEXBETA,EQ,864.53,0.17,57444.49,0.01,0.06
SLONE,ST,143,4.46,75.35,0.04,0.06
NIFTYADD,EQ,257.69,0.28,221.41,0.02,0.06
AMEYA,SM,110,0.69,82.5,0.05,0.05
CTE,EQ,38.99,3.97,76.54,0.14,0.05
READYMIX,SM,104,0.92,113.97,0.05,0.05
SGBMAR30X,GB,15090,0.18,2323.4,0,0.05
RAJPUTANA,SM,215,4.29,151.22,0.03,0.05
UNIENTER,EQ,95.49,0.33,664.09,0.05,0.05
APCL,EQ,103.8,2.76,304.91,0.05,0.05
737CG31,SG,101,4.12,1515,0.05,0.05
PRAENG,EQ,20,1.06,139.87,0.25,0.05
IWP,EQ,34.5,2.07,220.71,0.14,0.05
UNIVPHOTO,BE,480,4.85,525.44,0.01,0.05
AAKASH,EQ,8.83,1.38,89.4,0.57,0.05
CINELINE,EQ,89.89,0.8,308.02,0.06,0.05
IL&FSENGG,BZ,36.75,5,481.87,0.14,0.05
690GS2065,GS,95.9,1.05,189882,0.05,0.05
ARCIIL,SM,37.8,8.62,38.92,0.13,0.05
SKP,SM,162,0.62,268.92,0.03,0.05
SALONA,EQ,260,0.62,136.82,0.02,0.05
HMT,BZ,58.99,1.06,4485.31,0.08,0.05
SAPPL,EQ,288.9,3.64,255.7,0.02,0.05
GROWWN200,EQ,11.57,0.87,16.69,0.41,0.05
CGRAPHICS,SM,147,0.27,357,0.03,0.05
VISACHROME,BE,37.85,1.5,551.81,0.13,0.05
VIVO,SM,145.4,4.98,29.3,0.03,0.05
VCL,EQ,1.69,4.97,31.05,2.74,0.05
ACETEC,SM,129.15,6.3,211.6,0.04,0.05
724GS2055,GS,101.7,0.18,109836,0.04,0.05
DTIL,EQ,135,0.78,141.85,0.03,0.05
SAMPANN,EQ,26.4,0.15,128.86,0.17,0.05
PROLIFE,SM,90.95,4.96,37.24,0.05,0.05
CROWN,EQ,108.9,0.03,126.22,0.04,0.05
AMBANIORGO,SM,115,4.55,88.07,0.04,0.04
ABANSENT,EQ,30.38,4.98,211.9,0.14,0.04
KSR,EQ,30,1.76,55.14,0.15,0.04
BYKE,BE,31.42,1.39,164.26,0.14,0.04
LICNETFGSC,EQ,29.74,0.34,1941.65,0.15,0.04
INFRA,EQ,12.27,0.33,11.16,0.35,0.04
SANGANI,SM,55.45,4.23,76.39,0.07,0.04
SENSEXADD,EQ,80.4,0.27,3.88,0.05,0.04
NFPSAMPOOR,SM,23,2.91,29.06,0.18,0.04
SHBAJRG,EQ,173.8,0.69,156.42,0.02,0.04
NAGREEKCAP,EQ,23.4,4.56,29.52,0.17,0.04
MCON,SM,44,4.89,32.28,0.09,0.04
PRATHAM,SM,122,2.09,222.19,0.03,0.04
ACL,EQ,46.21,0.28,425.93,0.08,0.04
CHETANA,ST,47.8,2.03,97.51,0.08,0.04
ALUWIND,SM,50.5,1.1,125.48,0.07,0.04
HPTL,SM,309.75,5,369.06,0.01,0.04
ONDOOR,SM,249.9,2.54,174.94,0.01,0.04
SHRITECH,SM,61.9,4.74,154.44,0.06,0.04
762GS2039,GS,107.41,1.62,36580.3,0.03,0.04
SYSTMTXC,BE,60,3.09,819.23,0.06,0.04
HDFCQUAL,EQ,60.13,0.08,20.82,0.06,0.04
MANUFGBEES,EQ,167.13,0.06,11.75,0.02,0.04
GUJRAFFIA,EQ,44.85,2.51,24.24,0.08,0.04
MAL,SM,30.9,1.31,76.28,0.11,0.03
ORIENTALTL,EQ,5.11,1.19,37.56,0.68,0.03
GOYALALUM,EQ,6.6,3.13,94.2,0.54,0.03
SGBJUN27,GB,15099.99,0.63,694.28,0,0.03
GROWWNXT50,EQ,74.84,0.13,9.1,0.05,0.03
TGBHOTELS,EQ,9.57,3.8,28.03,0.36,0.03
TEJASCARGO,SM,420.25,5,1004.1,0.01,0.03
CIFCZC28A,N5,1299,0.26,16.15,0,0.03
NEXT50ETF,EQ,75.43,0.23,20.83,0.04,0.03
DELPHIFX,BE,6.7,0.15,164.33,0.5,0.03
GROBTEA,EQ,950,2.48,110.42,0,0.03
VITAL,BE,54.5,1.77,130.53,0.06,0.03
ABSLNN50ET,EQ,78.5,0.41,55.54,0.04,0.03
PVTBKGROWW,EQ,27.54,0.22,6.95,0.12,0.03
SOCL,SM,28.75,0.88,38.51,0.11,0.03
MITCON,BE,79.59,2.74,138.63,0.04,0.03
SELLOWRAP,SM,68,0.74,93.46,0.05,0.03
ADDICTIVE,SM,42.15,4.98,67.06,0.07,0.03
SBISMLETF,EQ,18.4,0.05,8.42,0.17,0.03
BANK10ADD,EQ,16.98,0.47,311.33,0.18,0.03
VISDEM,SM,85.85,1,88.19,0.04,0.03
ABSL10BANK,EQ,170.5,0.73,378.47,0.02,0.03
871REC28,N9,1119.2,0.01,1311.12,0,0.03
AGSTRA,BZ,2.04,0.49,26.2,1.49,0.03
NIFTYBETF,EQ,251.56,0.12,196.48,0.01,0.03
92GS2030,GS,114.82,0.13,71055.84,0.03,0.03
HBSL,EQ,57.95,0.64,41.36,0.05,0.03
SHUBHSHREE,SM,328,2.5,171.94,0.01,0.03
TVSMNCRPS,P1,10.55,0.48,2004.87,0.27,0.03
JAYESH,SM,144.9,7.33,125.94,0.02,0.03
RAJTV,EQ,10.25,1.08,53.21,0.27,0.03
RAJRILTD,BE,21.7,1.78,1206.7,0.13,0.03
79NHIT40,N2,310.6,0.36,465.9,0.01,0.03
SNXT50BETA,EQ,97,0.15,34.58,0.03,0.03
DELTAMAGNT,EQ,59,0.61,64.02,0.04,0.03
PRITI,BE,36.85,2.56,49.21,0.07,0.03
HRHNEXT,SM,24.95,4.83,32.95,0.1,0.03
DCG,SM,54.95,2.52,99.73,0.05,0.03
DRCSYSTEMS,EQ,12.89,0.55,185.72,0.2,0.03
SPECTSTM,SM,62.5,0.08,144.33,0.04,0.03
DHRUV,EQ,23.96,1.4,45.44,0.1,0.02
NECCLTD,BE,15.15,1.13,158.32,0.17,0.02
MASTER,SM,488,2.74,195.2,0.01,0.02
UMIYA-MRO,EQ,90,1.55,168.16,0.03,0.02
ABHAPOWER,SM,25.65,4.06,47.68,0.1,0.02
MGEL,BE,14.48,1.4,477.2,0.17,0.02
KONSTELEC,ST,61.4,2.33,92.71,0.04,0.02
769HUDCO31,N9,1130.3,0.11,689.53,0,0.02
INDIANCARD,EQ,223.7,3.75,132.9,0.01,0.02
NORBTEAEXP,EQ,63,3.58,97.93,0.04,0.02
79NHIT47,N3,416.24,0.06,624.36,0.01,0.02
MOMETAL,EQ,13.06,0.15,1.63,0.18,0.02
BARFLEX,SM,56.9,5.27,140.82,0.04,0.02
EQUIPPP,BE,21.5,2.38,221.65,0.11,0.02
PNC,EQ,18.6,2.76,26.91,0.12,0.02
IDENTICAL,SM,15.95,1.59,22.37,0.14,0.02
AHLWEST,BE,550,0.92,640.82,0,0.02
737GS2028,GS,105,0.19,78750,0.02,0.02
1065NFL27,NC,1010,0.19,95.24,0,0.02
SITINET,BZ,0.3,3.45,26.16,7.79,0.02
ESPRIT,SM,68,1.49,149.23,0.03,0.02
JAIPURKURT,EQ,27.5,1.59,52.5,0.08,0.02
VSCL,SM,23.9,4.82,35.85,0.09,0.02
12AFIL28,N0,9970,0.17,49.85,0,0.02
MONEXT50,EQ,74.63,0.46,22.72,0.03,0.02
PRUDMOULI,BE,13.35,0.23,43.06,0.16,0.02
XELPMOC,EQ,81.31,0.35,120.52,0.02,0.02
RAJINDLTD,SM,68,2.8,151.06,0.03,0.02
925ISF28,N0,9900,0.92,173.25,0,0.02
MADHUCON,BE,5.3,0.95,39.11,0.36,0.02
INTEGRITY,ST,160,2.04,70.4,0.01,0.02
MIDCAPADD,EQ,23.54,0.43,5.65,0.08,0.02
SINTERCOM,EQ,84.2,5.25,231.78,0.02,0.02
91D240926,TB,99.3,0.13,13008.3,0.02,0.02
SPEB,ST,90.9,1,204.2,0.02,0.02
GSS,EQ,13.45,0.22,35.18,0.13,0.02
EMKAYTOOLS,SM,93,3.33,99.24,0.02,0.02
TCIFINANCE,BE,15.21,0.8,19.58,0.12,0.02
BEWLTD,SM,51.6,0.58,67.46,0.04,0.02
SONAMAC,SM,35.5,1.43,48.72,0.05,0.02
MOPSE,EQ,100.39,0.4,1.81,0.02,0.02
MOXSH,SM,109,2.83,102.23,0.02,0.02
NETF,EQ,265.53,0.05,725.38,0.01,0.02
VILINBIO,SM,43.5,3.82,66.34,0.04,0.02
HALEOSLABS,EQ,1489,0.95,450.17,0,0.02
BVCL,EQ,41,0.2,90.86,0.04,0.02
RVHL,EQ,43,1.39,263.7,0.04,0.02
AKG,EQ,8.77,0.57,27.87,0.2,0.02
QNIFTY,EQ,268.8,0.15,64.55,0.01,0.02
RADIOCITY,EQ,6.72,1.2,232.3,0.25,0.02
TOP15IETF,EQ,10.08,0.4,13.31,0.17,0.02
863IRFC29,NC,1108.99,0.38,1051.23,0,0.02
901HUDCO34,NE,1288,0.04,864.45,0,0.02
SPLIL,EQ,31.98,0.06,92.74,0.05,0.02
JFLLIFE,SM,13.2,1.93,43.55,0.12,0.02
QUALITY30,EQ,21.29,0.19,2.9,0.07,0.02
AURUS,EQ,4.78,4.37,14.09,0.34,0.02
BULKCORP,SM,65,3.17,48.84,0.02,0.02
892NHPC33,N6,1269.99,0.79,322.1,0,0.02
AKSHAR,EQ,0.42,5,33.07,3.76,0.02
970CAGL28,ND,1031.9,0.77,261.31,0,0.02
USASEEDS,SM,91.2,4.83,91.98,0.02,0.02
SHIVAMILLS,EQ,62.48,4.03,53.99,0.02,0.02
ODIGMA,EQ,22.75,0.93,71.11,0.07,0.02
BONLON,EQ,42.96,4.81,70.38,0.04,0.02
SECMARK,EQ,129,2.32,134.77,0.01,0.02
PREMCO,EQ,385.8,2.78,127.5,0,0.01
TICL,BE,9.78,1.77,151.59,0.15,0.01
ARVINDPORT,SM,31.85,3.24,56.69,0.04,0.01
GROWWMC150,EQ,236.07,0.58,6.5,0.01,0.01
MARCO,SM,31.95,5.79,59.74,0.04,0.01
LAL,EQ,8.99,2.04,155.29,0.16,0.01
ENSER,SM,14.3,0.7,124.64,0.1,0.01
ZENITHDRUG,SM,44.65,2.88,76.57,0.03,0.01
OBCL,EQ,54.5,1.87,114.9,0.02,0.01
HDIL,BZ,1.53,0.66,72.52,0.88,0.01
LCCINFOTEC,EQ,3.93,0.77,66.26,0.33,0.01
BTTL,BE,43,1.61,251.01,0.03,0.01
746GS2073,GS,101,0.11,118170,0.01,0.01
737NTPC35C,NA,1377,0.07,251.41,0,0.01
AROGRANITE,EQ,25.4,1.97,38.86,0.05,0.01
SBIVALETF,EQ,14.97,0.07,5.96,0.08,0.01
SBINMID150,EQ,23.7,0.59,14.21,0.05,0.01
KAKATCEM,EQ,107.97,4.05,83.93,0.01,0.01
706GS2028,GS,104.05,0.35,115495.5,0.01,0.01
SPUNWEB,SM,99,0.35,238.62,0.01,0.01
91D051126,TB,98.3,0.2,35164.16,0.01,0.01
QUINT,EQ,37.74,0.53,178.16,0.03,0.01
NIDAN,SM,13.3,2.31,18.49,0.09,0.01
BANKA,EQ,83,1.26,90.74,0.01,0.01
702GS2031,GS,103.5,0.63,66240,0.01,0.01
851HUDCO28,NB,1130,0.16,903.17,0,0.01
TVVISION,BE,4.15,3.75,16.08,0.27,0.01
HAVISHA,EQ,1.44,6.67,22.11,0.85,0.01
735NHAI31,N9,1102.41,0.01,6595.25,0,0.01
MANAV,SM,26.9,4.87,35.4,0.04,0.01
915SCL27,Z7,1075.48,0.53,12.79,0,0.01
915APSBC33,N0,105118.04,0.52,577.1,0,0.01
AVIANSH,SM,104.75,0.24,146.41,0.01,0.01
KLL,SM,22.15,3.99,41.04,0.05,0.01
KKJEWELS,SM,104,0.24,109.04,0.01,0.01
DIGIDRIVE,EQ,17.49,0.29,67.44,0.06,0.01
797IGT31,NL,1020,2,42.04,0,0.01
BSLSENETFG,EQ,78.65,0.13,274,0.01,0.01
RNPL,SM,83,3.75,100.3,0.01,0.01
115VCCL28,N0,99500,0.51,69.65,0,0.01
CSSL,SM,99.5,1.48,239.27,0.01,0.01
ENEXT50,EQ,75,2.73,8.47,0.01,0.01
MONEYBOXX,EQ,59,2.15,411.87,0.02,0.01
SELMC,EQ,27.93,1.53,92.55,0.04,0.01
GIRIRAJ,SM,65.55,4.96,156.8,0.01,0.01
VIVIDHA,EQ,0.56,1.82,16.39,1.74,0.01
ASTRON,BZ,3.52,0.57,16.37,0.26,0.01
PALASHSECU,EQ,91,0.73,91.03,0.01,0.01
TFL,EQ,11.7,3.63,64.49,0.08,0.01
BIOFILCHEM,EQ,32.01,0.66,52.09,0.03,0.01
764NABAR31,N2,1115,0.54,1960.99,0,0.01
MOMNC,EQ,33.76,0.66,2.53,0.02,0.01
MONOPHARMA,SM,8.2,4.46,14.49,0.1,0.01
INCREDIBLE,EQ,32.25,1.03,150.81,0.02,0.01
EMAPARTNER,SM,79.1,0.13,178.14,0.01,0.01
SEYAIND,BE,12.31,0.08,32.71,0.06,0.01
SHKSIL,SM,37,0.14,71.01,0.02,0.01
ARSHIYA,BZ,0.95,3.26,25.03,0.78,0.01
MARINETRAN,SM,18,0.56,22.91,0.04,0.01
CREATIVEYE,EQ,6.2,1.97,12.44,0.11,0.01
SFML,SM,21.95,3.54,54.5,0.03,0.01
SAMBHAAV,EQ,6.65,1.06,127.09,0.11,0.01
PIONEEREMB,EQ,23.98,3.81,73.88,0.03,0.01
MCCHRLS-B,EQ,680,0.4,890.83,0,0.01
IIFLZC28A,NU,1325,0.36,50.16,0,0.01
SCLZC26C,NB,1307,0.23,9.04,0,0.01
DANGEE,EQ,2.96,2.42,45.58,0.22,0.01
84TCHF28,NA,1058,0.47,95.82,0,0.01
SHANTI,EQ,6.23,0.48,6.92,0.1,0.01
SVPGLOB,BE,3.95,2.6,49.97,0.16,0.01
SMVD,SM,15.3,4.79,15.35,0.04,0.01
GRAVISSHO,EQ,29.99,2.42,211.49,0.02,0.01
FEL,BZ,0.4,2.56,18.2,1.58,0.01
VR,SM,151.3,4.85,134.35,0,0.01
CELLPOINT,SM,16.7,4.38,31.2,0.04,0.01
BLUECHIP,EQ,1.81,1.69,10.01,0.32,0.01
ACEINTEG,EQ,17.8,2.18,18.16,0.03,0.01
KATARIA,SM,97,0.73,208.85,0.01,0.01
BLUEPEBBLE,SM,72.5,0.42,29.58,0.01,0.01
NEAGI,EQ,3139,0.02,195.27,0,0.01
IMPEXFERRO,BZ,3.57,2,31.39,0.15,0.01
SNXT30BEES,EQ,43.75,0.78,6.75,0.01,0.01
RADAAN,EQ,3.07,2.68,16.63,0.17,0.01
AUSL,SM,26.5,2.51,65.81,0.02,0.01
ENIFTY,EQ,24.63,0.04,16.18,0.02,0.01
760PFCL35,N3,1209.13,0.18,187.99,0,0.01
TOUCHWOOD,EQ,64.33,1.07,71.29,0.01,0.01
SBIETFQLTY,EQ,228.82,0.02,83.2,0,0
1225IFL27,N0,6800,1.49,13.59,0,0
WEIZMANIND,EQ,78.77,0.92,122.05,0.01,0
FALCONTECH,SM,12.35,1.65,6.62,0.04,0
MOSERVICE,EQ,31.4,0.48,6.12,0.01,0
3PLAND,EQ,32.35,0.06,58.23,0.01,0
8ABCL26,N2,1064.3,0.08,218.51,0,0
SANWARIA,BZ,0.21,5,15.46,2.11,0
MFML,EQ,19.35,0.62,20.55,0.02,0
GROWWLOVOL,EQ,10.61,0.09,4.11,0.04,0
905LTF27,NF,1031.55,0.13,363.1,0,0
QVCEL,SM,24.9,2.68,26.02,0.02,0
CONSUMAXIS,EQ,125.44,0.45,13.85,0,0
GILLANDERS,EQ,89,0.71,189.95,0,0
ASTAR,EQ,600.95,0.12,961.93,0,0
BOHRAIND,EQ,15.39,5.19,32.58,0.03,0
ANKITMETAL,BZ,1.58,3.27,22.3,0.24,0
81TCHF28,N8,1015,0.1,38.85,0,0
SATECH,SM,36.95,2.92,48.25,0.01,0
965SCL26F,N1,1080,1.4,19.72,0,0
GANGESSECU,EQ,116.45,0.2,116.49,0,0
COMPINFO,BZ,1.1,0.92,9.43,0.29,0
AMBICAAGAR,EQ,24.95,0.24,42.86,0.01,0
730PFCL41,NC,1080.51,7.94,23.59,0,0
ASPIRE,SM,15.1,4.5,22.92,0.02,0
MODTHREAD,EQ,48.47,6.86,168.56,0.01,0
BILVYAPAR,BE,4.14,0.98,12.99,0.06,0
TECILCHEM,EQ,8.6,1.42,16.31,0.03,0
GSEC5IETF,EQ,66.36,0.08,20.76,0,0
860AEL28,NH,1045.8,0.03,164.68,0,0
SETUINFRA,BZ,0.44,4.76,5.53,0.58,0
FMNL,BE,9.4,1.18,57.01,0.02,0
732GS2030,GS,104,0.96,72800,0,0
GILT10BETA,EQ,27,0.3,24.28,0.01,0
733GS2026,GS,101.59,0.04,46731.4,0,0
10UCL26,ND,1015,1.78,45.16,0,0
PFCL41A,NE,985,3.25,6.66,0,0
SCLZC26,NB,2330.5,0.01,56.73,0,0
NPBET,EQ,283.49,0.11,19.38,0,0
728NTPC30B,N9,1339,19.97,172.79,0,0
BNKETFAXIS,EQ,595.34,0.03,333.88,0,0
SCLZC26G,YA,1273,0.41,7.13,0,0
BANK10BETF,EQ,21,1.06,24.96,0.01,0
710GS2029,GS,105,1.45,158550,0,0
915AEL28,NC,1020,0.15,423.82,0,0
NEXTMEDIA,EQ,3.87,1.04,25.89,0.03,0
792PN44,SG,100,0.25,4000,0,0
905SC24B,Z9,999.99,1.42,13.76,0,0
925SCL26F,N1,995.04,1.01,5.34,0,0
965SCL25C,N0,415,2.47,7.57,0,0
92SFIL28,ND,1057.8,0.74,14.76,0,0
SCL271224A,N1,1157,0.61,2.96,0,0
WIPL,EQ,167.81,0.37,142.43,0,0
EUROTEXIND,BE,13.92,1.98,12.18,0,0
MEP,BZ,0.62,1.64,11.37,0.04,0
ABGSEC,EQ,115.49,0.3,12.17,0,0
FELDVR,BZ,2.36,4.89,9.29,0.01,0
KHANDSE,EQ,17.7,3.51,27,0,0
971SCL28A,NT,619,1.93,9.5,0,0
DSKULKARNI,BE,13.3,4.97,13.3,0,0
769NHAI31,NE,1150.97,0.3,1297.91,0,0
719HUDCO28,N7,1051.05,0.48,114.98,0,0
SAYAJIHOTL,EQ,327,0.62,572.84,0,0
LAKPRE,BZ,4.8,0.84,5.25,0,0
MASKINVEST,EQ,148.13,0.5,45.2,0,0
706GS2046,GS,106.99,4.38,90941.5,0,0